index,url,valid,domain,title,description,image,published,archive,content,quote,language,keyword
https://www.zeit.de/news/2025-12/01/wie-laufen-die-gespraeche-ueber-ein-kriegsende-in-der-ukraine,https://www.zeit.de/news/2025-12/01/wie-laufen-die-gespraeche-ueber-ein-kriegsende-in-der-ukraine,0,www.zeit.de,Friedensverhandlungen: Wie laufen die Gespräche über ein Kriegsende in der Ukraine?,Hier finden Sie Informationen zu dem Thema „Friedensverhandlungen“. Lesen Sie jetzt „Wie laufen die Gespräche über ein Kriegsende in der Ukraine?“.,https://img.zeit.de/news/2025-12/01/wie-laufen-die-gespraeche-ueber-ein-kriegsende-in-der-ukraine-image-group/wide__1300x731,2025-12-01T02:45:08Z,http://web.archive.org/web/20251212155709/https://www.zeit.de/news/2025-12/01/wie-laufen-die-gespraeche-ueber-ein-kriegsende-in-der-ukraine,Die Gespräche für eine Beendigung des russischen Angriffskrieges gegen die Ukraine gehen in eine neue Phase. Der erste 28-Punkte-Plan der USA geriet schnell als «russische Wunschliste» und «Kapitulat… [+8977 chars],,de,'Istanbul'
https://www.stern.de/panorama/verbrechen/australien--polizei-sucht-opfer-eines-satanistischen-kinderporno-rings-36913994.html,https://www.stern.de/panorama/verbrechen/australien--polizei-sucht-opfer-eines-satanistischen-kinderporno-rings-36913994.html,0,www.stern.de,Australien: Polizei hebt Missbrauchsring für satanistische Kinderpornos aus,"In Australien müssen sich vier Männer wegen Kinderpornos verantworten. Die Polizei arbeitet nun daran, die Kinder zu identifizieren, die ihnen zum Opfer gefallen sind.",https://image.stern.de/36914002/t/kf/v1/w1440/r1.7778/-/australien-polizei.jpg,2025-12-01T03:48:36Z,,"Kopiere den aktuellen Link
Zur Merkliste hinzufügen
In Australien müssen sich vier Männer wegen Kinderpornos verantworten. Die Polizei arbeitet nun daran, die Kinder zu identifizieren, die ihnen zu… [+1315 chars]",,de,'Australien'
https://www.nzz.ch/international/russland-ist-ein-beliebtes-fluchtziel-fuer-gestuerzte-diktatoren-asad-kann-sich-in-seinem-moskauer-exil-aber-nicht-voellig-sicher-fuehlen-ld.1907852,https://www.nzz.ch/international/russland-ist-ein-beliebtes-fluchtziel-fuer-gestuerzte-diktatoren-asad-kann-sich-in-seinem-moskauer-exil-aber-nicht-voellig-sicher-fuehlen-ld.1907852,0,www.nzz.ch,Russland ist ein beliebtes Fluchtziel für gestürzte Diktatoren – Asad kann sich in seinem Moskauer Exil aber nicht völlig sicher fühlen,"Um den früheren syrischen Herrscher ist es still geworden. Ein Jahr nach seinem Sturz stellt sich die Frage, ob er für den Kreml nur noch ein lästiger Gast ist. Doch der Schutz für entmachtete Verbündete hat in Russland Tradition.","https://img.nzz.ch/2025/11/30/d8a4c28f-1908-45db-8be3-4232d0e5c5e9.jpg?width=1200&height=675&fit=bounds&quality=75&auto=webp&crop=3546,1995,x61,y0&wmark=nzz",2025-12-01T04:11:00Z,,"Um den früheren syrischen Herrscher ist es still geworden. Ein Jahr nach seinem Sturz stellt sich die Frage, ob er für den Kreml nur noch ein lästiger Gast ist. Doch der Schutz für entmachtete Verbün… [+8669 chars]",,de,'Bagdad'
https://www.nzz.ch/feuilleton/in-neukoelln-zeigt-sich-deutschlands-ganzes-islam-debakel-ld.1913828,https://www.nzz.ch/feuilleton/in-neukoelln-zeigt-sich-deutschlands-ganzes-islam-debakel-ld.1913828,0,www.nzz.ch,In Neukölln zeigt sich Deutschlands ganzes Islam-Debakel,"In Berlin wirft ein Bezirksbürgermeister das Handtuch. Der Fall Martin Hikel und die SPD zeigt: Wer Migration oder Islamismus kritisiert, wer von «Clankriminalität» redet und den Begriff «antimuslimischer Rassismus» ablehnt, wird rausgemobbt.","https://img.nzz.ch/2025/11/28/1ab3fe08-b594-4c7a-a38d-e5c0580d7739.jpg?width=1200&height=675&fit=bounds&quality=75&auto=webp&crop=5472,3078,x0,y119&wmark=nzz",2025-12-01T04:35:00Z,http://web.archive.org/web/20251201112253/https://www.nzz.ch/feuilleton/in-neukoelln-zeigt-sich-deutschlands-ganzes-islam-debakel-ld.1913828,"In Berlin wirft ein Bezirksbürgermeister das Handtuch. Der Fall Martin Hikel und die SPD zeigt: Wer Migration oder Islamismus kritisiert, wer von «Clankriminalität» redet und den Begriff «antimuslimi… [+12496 chars]",,de,'Berlin'
https://www.autobild.de/artikel/porsche-cayenne-s-diesel-2013-gebrauchtwagen-angebot-28438269.html,https://www.autobild.de/artikel/porsche-cayenne-s-diesel-2013-gebrauchtwagen-angebot-28438269.html,0,www.autobild.de,Cayenne mit V8-Diesel für unter 20.000 Euro,"Bärenstarker Diesel, Topausstattung, edler Look: Der Porsche Cayenne S Diesel ist die eierlegende Wollmilchsau – und gebraucht günstiger als gedacht!",https://i.auto-bild.de/ir_img/4/0/1/8/5/5/1/Porsche-Cayenne-S-Diesel-2869-1440x810.jpg-bc14de01f837f97a.webp?impolicy=og_images,2025-12-01T05:00:00Z,,"PorscheCayenne
S Diesel V8/SPORT CHRONO/21 ZOLL/PANO",,de,'Cayenne'
https://www.welt.de/vermischtes/video692d24a85e75871cc1fc9f7d/suedostasien-mehr-als-600-tote-bei-ueberschwemmungen-in-indonesien-und-thailand.html,https://www.welt.de/vermischtes/video692d24a85e75871cc1fc9f7d/suedostasien-mehr-als-600-tote-bei-ueberschwemmungen-in-indonesien-und-thailand.html,0,www.welt.de,Mehr als 600 Tote bei Überschwemmungen in Indonesien und Thailand,Bei verheerenden Überschwemmungen und Erdrutschen in Indonesien und Thailand sind bislang mehr als 600 Menschen ums Leben gekommen. Noch immer werden Hunderte vermisst. Seit Tagen regnet es in der Region ununterbrochen.,https://images.welt.de/692d24a85e75871cc1fc9f7d/f159f9ed1dd6574e99e360f6a9f15a87-master/ci16x9-w1200/2025-12-01t025818z-1258650447-rc2e7iap1it0-rtrmadp-3-asia-weather-indonesia-jpg,2025-12-01T05:50:16Z,,Die WELT als ePaper: Die vollständige Ausgabe steht Ihnen bereits am Vorabend zur Verfügung so sind Sie immer hochaktuell informiert. Weitere Informationen https://epaper.welt.de,,de,'Indonesien'
https://www.n-tv.de/politik/Israel-meldet-Toetung-Dutzender-Hamas-Kaempfer-im-Gazastreifen-id30090234.html,https://www.n-tv.de/politik/Israel-meldet-Toetung-Dutzender-Hamas-Kaempfer-im-Gazastreifen-id30090234.html,0,www.n-tv.de,Bei Anti-Tunnel-Einsätzen: Israel meldet Tötung Dutzender Hamas-Kämpfer im Gazastreifen,Trotz des Waffenstillstands agiert Israel weiterhin offensiv im Gazastreifen gegen Hamas-Infrastruktur. Die Armee zerstört bei Einsätzen im Süden des Gebiets Tunnelsysteme der Terrororganisation und tötet dabei mindestens 40 ihrer Kämpfer.,https://www.n-tv.de/img/30090247/1764573556/Img_16_9/1200/Israeli-soldiers-work-on-tanks-at-a-staging-area-on-the-border-with-Gaza-Strip-in-southern-Israel-Wednesday-Oct-29-2025.jpg,2025-12-01T07:37:00Z,,"Israelische Panzer an der Grenze zum Gazastreifen. (Foto: picture alliance / ASSOCIATED PRESS)
Trotz des Waffenstillstands agiert Israel weiterhin offensiv im Gazastreifen gegen Hamas-Infrastruktur.… [+1720 chars]",,de,'Hamas'
https://www.welt.de/politik/deutschland/article6929d72be9b1296b9ef9727d/ukraine-hilfe-der-nato-zwei-prozent-der-streitkraefte-sind-fuer-30-bis-50-prozent-der-russischen-verluste-verantwortlich.html,https://www.welt.de/politik/deutschland/article6929d72be9b1296b9ef9727d/ukraine-hilfe-der-nato-zwei-prozent-der-streitkraefte-sind-fuer-30-bis-50-prozent-der-russischen-verluste-verantwortlich.html,0,www.welt.de,„Zwei Prozent der Streitkräfte sind für 30 bis 50 Prozent der russischen Verluste verantwortlich“,"Generalmajor Keller ist Vize-Kommandeur des Nato-Hauptquartiers, das die Versorgung der Ukraine mit Waffen und Militär-Ausbildung koordiniert. Er erklärt, wie es einem sehr kleinen Teil der ukrainischen Streitkräfte gelingt, den Russen erheblich zuzusetzen.",https://images.welt.de/6929d72be9b1296b9ef9727d/047f0ce9ee9f2dc9a9c8b0618655bd7c/ci16x9-w1200/549156935-jpg,2025-12-01T08:20:05Z,,"Generalmajor Keller ist Vize-Kommandeur des Nato-Hauptquartiers, das die Versorgung der Ukraine mit Waffen und Militär-Ausbildung koordiniert. Er erklärt, wie es einem sehr kleinen Teil der ukrainisc… [+14177 chars]",,de,'Australien'
https://www.welt.de/politik/ausland/video692d5a59392d5c38e385257e/einsaetze-in-tunneln-israel-meldet-toetung-dutzender-hamas-terroristen.html,https://www.welt.de/politik/ausland/video692d5a59392d5c38e385257e/einsaetze-in-tunneln-israel-meldet-toetung-dutzender-hamas-terroristen.html,0,www.welt.de,Israel meldet Tötung Dutzender Hamas-Terroristen,Die israelische Armee hat im Gaza-Streifen in der vergangenen Woche eigenen Angaben zufolge Dutzende Hamas-Terroristen getötet. Die Islamisten hatten sich in einem Tunnel in Rafah verschanzt.,https://images.welt.de/692d5a59392d5c38e385257e/ec48326a4b1df843a3d0b5f0c7b63813/ci16x9-w1200/dpa-com-20090101-251130-935-989613-jpg,2025-12-01T09:23:08Z,,Die WELT als ePaper: Die vollständige Ausgabe steht Ihnen bereits am Vorabend zur Verfügung so sind Sie immer hochaktuell informiert. Weitere Informationen https://epaper.welt.de,,de,'Hamas'
https://www.zeit.de/news/2025-12/01/nach-abgesagter-auktion-holocaust-zeugnisse-jetzt-in-israel,https://www.zeit.de/news/2025-12/01/nach-abgesagter-auktion-holocaust-zeugnisse-jetzt-in-israel,0,www.zeit.de,Abgesagte Auktion: Nach abgesagter Auktion: Holocaust-Zeugnisse jetzt in Israel,Hier finden Sie Informationen zu dem Thema „Abgesagte Auktion“. Lesen Sie jetzt „Nach abgesagter Auktion: Holocaust-Zeugnisse jetzt in Israel“.,https://img.zeit.de/news/2025-12/01/nach-abgesagter-auktion-holocaust-zeugnisse-jetzt-in-israel-image-group/wide__1300x731,2025-12-01T11:10:01Z,,"Einige Zeugnisse des Holocaust, deren geplante Versteigerung in Deutschland für Empörung gesorgt hatte, sind inzwischen laut einem Medienbericht in Israel angekommen. Sie seien von einer Stiftung in … [+2180 chars]",,de,'Israel'
https://www.faz.net/aktuell/gesellschaft/ungluecke/flutkatastrophe-in-asien-mehr-als-1000-tote-110794952.html,https://www.faz.net/aktuell/gesellschaft/ungluecke/flutkatastrophe-in-asien-mehr-als-1000-tote-110794952.html,0,www.faz.net,Flutkatastrophe nach Zyklon: Mehr als 1000 Tote nach Überschwemmungen in Asien,"In Indonesien, Sri Lanka und Thailand werden nach den schweren Unwettern noch zahlreiche Menschen vermisst. Indonesiens Präsident verweist auf den Klimawandel als einen Grund für die Katastrophe.",https://media0.faz.net/image/w1200h627/c3946922f3aa/w3000h1567x0y216o/202512/43601.0.1539590656/die-flut-hat-nur-truemmer.webp,2025-12-01T11:53:16Z,,"Nach schweren Stürmen, Erdrutschen und Überschwemmungen in Asien ist die Zahl der Todesopfer auf mehr als 1000 gestiegen. Die Zahl der Toten könnte noch weiter steigen, da manche Flutgebiete noch von… [+2739 chars]",,de,'Indonesien'
https://www.zeit.de/news/2025-12/01/tschechien-verschaerft-regeln-fuer-feuerwerk,https://www.zeit.de/news/2025-12/01/tschechien-verschaerft-regeln-fuer-feuerwerk,0,www.zeit.de,Neue Verbotszonen: Tschechien verschärft Regeln für Feuerwerk,Hier finden Sie Informationen zu dem Thema „Neue Verbotszonen“. Lesen Sie jetzt „Tschechien verschärft Regeln für Feuerwerk“.,https://img.zeit.de/news/2025-12/01/tschechien-verschaerft-regeln-fuer-feuerwerk-image-group/wide__1300x731,2025-12-01T12:24:22Z,,Rechtzeitig vor Silvester hat Tschechien die Regeln für den Verkauf und Gebrauch von Böllern und Raketen deutlich verschärft. In dem deutschen Nachbarland trat am Montag ein entsprechendes Gesetz in … [+1377 chars],,de,'Tschechien'
https://www.faz.net/aktuell/politik/ukraine/friedensverhandlungen-sicherheitsgarantien-fuer-ukraine-als-knackpunkt-110795273.html,https://www.faz.net/aktuell/politik/ukraine/friedensverhandlungen-sicherheitsgarantien-fuer-ukraine-als-knackpunkt-110795273.html,0,www.faz.net,Friedensverhandlungen: Sicherheitsgarantien werden zum Knackpunkt,"Vor der nächsten Verhandlungsrunde in Moskau berät sich der ukrainische Präsident in Paris. Die USA zeigen sich bereit, Sicherheitsgarantien auszuarbeiten.",https://media0.faz.net/image/w1200h627/9d7a2385db2c/w3000h1567x0y71o/122025/1.10795265/wichtiger-partner-macron-mit.webp,2025-12-01T17:30:54Z,,Inmitten schwieriger Verhandlungen über ein Ende des russischen Angriffskrieges haben der ukrainische Präsident Wolodymyr Selenskyj und der französische Präsident Emmanuel Macron am Montag in Paris ü… [+5215 chars],,de,'Paris'
https://www.n-tv.de/wissen/Gigantischer-Hai-vor-115-Millionen-Jahren-bei-Australien-entdeckt-id30093342.html,https://www.n-tv.de/wissen/Gigantischer-Hai-vor-115-Millionen-Jahren-bei-Australien-entdeckt-id30093342.html,0,www.n-tv.de,Gigantische Wirbel entdeckt: Riesenhaie gibt es wohl schon länger als gedacht,"Gigantische Haie haben sich offenbar bereits früh entwickelt: Ein neuer Fund in Australien beweist die Existenz eines riesigen Exemplars, das offenbar schon vor 115 Millionen Jahren lebte - und den heutigen Weißen Hai an Länge übertrumpfte.",https://www.n-tv.de/img/30093365/1764609541/Img_16_9/1200/Darwin Formation giant shark_Pollyanna von Knorring.jpg,2025-12-01T18:11:29Z,http://web.archive.org/web/20251203074330/https://www.n-tv.de/wissen/Gigantischer-Hai-vor-115-Millionen-Jahren-bei-Australien-entdeckt-id30093342.html,"Gigantische Wirbel entdecktRiesenhaie gibt es wohl schon länger als gedacht
Die Illustration zeigt, wie sich vor 115 Millionen Jahren Riesenhaie und große Meeresreptilien den Lebensraum Meer teilten… [+2368 chars]",,de,'Australien'
https://www.jungewelt.de/artikel/513332.klimawandel-blockade-der-industriestaaten.html,https://www.jungewelt.de/artikel/513332.klimawandel-blockade-der-industriestaaten.html,0,www.jungewelt.de,Klimawandel: Blockade der Industriestaaten,"Lobbyismus, Klimahandel, Hinhalten: Die COP 30 in Brasilien ist zu Ende • Foto: Adriano Machado/REUTERS",https://www.jungewelt.de/img/1100/216293.jpg,2025-12-01T18:39:02Z,,"Eines der Ergebnisse der diesjährigen UN-Klimakonferenz, die im November im brasilianischen Belém tagte, ist sicherlich, dass die Fronten klarer denn je sind. Die USA scheinen vom hinhaltenden Widers… [+5527 chars]",,de,'Brasilien'
https://www.tagesspiegel.de/sport/nationalmannschaft-auch-ohne-stars-basketballer-gewinnen-auf-zypern-15003275.html,https://www.tagesspiegel.de/sport/nationalmannschaft-auch-ohne-stars-basketballer-gewinnen-auf-zypern-15003275.html,0,www.tagesspiegel.de,Nationalmannschaft: Auch ohne Stars: Basketballer gewinnen auf Zypern,"Zweites Spiel, zweiter Sieg: Deutschlands zweite Garde hat den nächsten Schritt in Richtung Basketball-WM 2027 gemacht. Und das ohne alle Stars.",https://www.tagesspiegel.de/images/15003284/alternates/BASE_16_9_W1400/1764615509000/zypern-deutschland.jpeg,2025-12-01T18:55:21Z,,Auch ohne einen einzigen Europameister im Kader haben die deutschen Basketballer in der WM-Qualifikation ihren zweiten Sieg gefeiert. Drei Tage nach dem souveränen 89:69 gegen Israel in Neu-Ulm hatte… [+2713 chars],,de,'Belgrad'
https://www.iphone-ticker.de/apple-soll-staats-app-auf-indischen-iphones-installieren-269022/,https://www.iphone-ticker.de/apple-soll-staats-app-auf-indischen-iphones-installieren-269022/,0,www.iphone-ticker.de,Apple soll Staats-App auf indischen iPhones installieren,"Apple sieht sich auch in Indien zunehmend mit strikten Vorgaben rund um seine Angebote konfrontiert. Beispielsweise schreiben die dortigen Bestimmungen vor, dass vor Ort angebotene Güter zu einem bestimmten Anteil auch in Indien gefertigt werden. Nun verlangt…",https://images.iphone-ticker.de/wp-content/uploads/2025/12/staatsapp-indien-feature.jpg,2025-12-01T19:16:00Z,,"Apple sieht sich auch in Indien zunehmend mit strikten Vorgaben rund um seine Angebote konfrontiert. Beispielsweise schreiben die dortigen Bestimmungen vor, dass vor Ort angebotene Güter zu einem bes… [+1944 chars]",,de,'Indien'
https://www.morgenpost.de/panorama/article410593692/tesla-autopilot-in-deutschland-vollbremsung-wegen-laub.html,https://www.morgenpost.de/panorama/article410593692/tesla-autopilot-in-deutschland-vollbremsung-wegen-laub.html,0,www.morgenpost.de,Tesla Autopilot: Notbremsung wegen ein paar Blättern,Ab 1. Dezember 2025 startet Teslas Autopilot in Deutschland – doch in den USA zeigt sich: Schon Herbstlaub kann ihn ausbremsen.,https://img.sparknews.funkemedien.de/403300632/403300632_1684601777_v16_9_1600.jpeg,2025-12-01T20:55:00Z,,"Tesla-Chef Elon Musk verspricht seit mehr als einem Jahrzehnt, seine Autos würden demnächst ganz ohne menschliches Eingreifen fahren. Tatsächlich sind Teslas mit dem Modus Full Self-Driving (FSD) heu… [+5891 chars]",,de,'Deutschland'
https://www.zeit.de/news/2025-12/02/fluten-in-indonesien-zahl-der-toten-steigt-auf-mehr-als-600,https://www.zeit.de/news/2025-12/02/fluten-in-indonesien-zahl-der-toten-steigt-auf-mehr-als-600,0,www.zeit.de,Katastrophe auf Sumatra: Fluten in Indonesien: Zahl der Toten steigt auf mehr als 600,Hier finden Sie Informationen zu dem Thema „Katastrophe auf Sumatra“. Lesen Sie jetzt „Fluten in Indonesien: Zahl der Toten steigt auf mehr als 600“.,https://img.zeit.de/news/2025-12/02/fluten-in-indonesien-zahl-der-toten-steigt-auf-mehr-als-600-image-group/wide__1300x731,2025-12-02T02:43:52Z,,Auf der indonesischen Insel Sumatra steigt die Zahl der Opfer nach der schweren Flutkatastrophe weiter. Nach Angaben des Katastrophenschutzes wurden mittlerweile mehr als 600 Todesopfer infolge der s… [+1176 chars],,de,'Jakarta'
https://www.stern.de/panorama/katastrophe-auf-sumatra--fluten-in-indonesien--zahl-der-toten-steigt-auf-mehr-als-600-36917566.html,https://www.stern.de/panorama/katastrophe-auf-sumatra--fluten-in-indonesien--zahl-der-toten-steigt-auf-mehr-als-600-36917566.html,0,www.stern.de,Katastrophe auf Sumatra: Fluten in Indonesien: Zahl der Toten steigt auf mehr als 600,Immer mehr Tote und Vermisste: Die Ausmaße der verheerenden Überschwemmungen und Erdrutsche auf Sumatra werden erst langsam deutlich. Viele Ortschaften sind weiter isoliert.,https://image.stern.de/36917568/t/ku/v1/w1440/r1.7778/-/02--4ipb4jnqq6v20axs2048jpeg---687918863eb84c70.jpg,2025-12-02T02:43:52Z,,"Kopiere den aktuellen Link
Zur Merkliste hinzufügen
Immer mehr Tote und Vermisste: Die Ausmaße der verheerenden Überschwemmungen und Erdrutsche auf Sumatra werden erst langsam deutlich. Viele Ortsc… [+1365 chars]",,de,'Indonesien'
https://www.tagesspiegel.de/gesellschaft/panorama/katastrophe-auf-sumatra-fluten-in-indonesien-zahl-der-toten-steigt-auf-mehr-als-600-15003691.html,https://www.tagesspiegel.de/gesellschaft/panorama/katastrophe-auf-sumatra-fluten-in-indonesien-zahl-der-toten-steigt-auf-mehr-als-600-15003691.html,0,www.tagesspiegel.de,Katastrophe auf Sumatra: Fluten in Indonesien: Zahl der Toten steigt auf mehr als 600,Immer mehr Tote und Vermisste: Die Ausmaße der verheerenden Überschwemmungen und Erdrutsche auf Sumatra werden erst langsam deutlich. Viele Ortschaften sind weiter isoliert.,https://www.tagesspiegel.de/images/15003690/alternates/BASE_16_9_W1400/1764643542000/uberschwemmungen-in-indonesien.jpeg,2025-12-02T02:45:43Z,,Auf der indonesischen Insel Sumatra steigt die Zahl der Opfer nach der schweren Flutkatastrophe weiter. Nach Angaben des Katastrophenschutzes wurden mittlerweile mehr als 600 Todesopfer infolge der s… [+1232 chars],,de,'Jakarta'
https://www.welt.de/sport/fussball/article692db155392d5c38e3852f0f/fussball-wm-auslosung-hammergruppe-oder-leichtes-los-fuer-deutschland-ist-alles-moeglich.html,https://www.welt.de/sport/fussball/article692db155392d5c38e3852f0f/fussball-wm-auslosung-hammergruppe-oder-leichtes-los-fuer-deutschland-ist-alles-moeglich.html,0,www.welt.de,Hammer mit Haaland oder leichtes Los mit Haiti? Für Deutschland ist alles möglich,"Am Freitag entscheidet sich, auf wen die deutsche Fußball-Nationalmannschaft in der Gruppenphase der WM trifft. Etwas anderes hingegen wird erst danach festgelegt. Vor der Auslosung in Washington spielt auch Donald Trump eine Rolle.",https://images.welt.de/692db155392d5c38e3852f0f/ae6981f30615d5eec5d255ddca86baa1/ci16x9-w1200/dpa-com-20090101-251201-935-991207-jpg,2025-12-02T06:12:48Z,,"Am Freitag entscheidet sich, auf wen die deutsche Fußball-Nationalmannschaft in der Gruppenphase der WM trifft. Etwas anderes hingegen wird erst danach festgelegt. Vor der Auslosung in Washington spi… [+6622 chars]",,de,'Australien'
https://www.tagesspiegel.de/sport/vergabe-durch-uefa-grosse-hoffnung-aber-auch-bangen-dfb-will-frauen-em-2029-15004091.html,https://www.tagesspiegel.de/sport/vergabe-durch-uefa-grosse-hoffnung-aber-auch-bangen-dfb-will-frauen-em-2029-15004091.html,0,www.tagesspiegel.de,"Vergabe durch UEFA: Große Hoffnung, aber auch Bangen: DFB will Frauen-EM 2029",Das bislang letzte große Frauenfußball-Turnier in Deutschland war die WM vor 14 Jahren. Nun hofft der DFB auf den Zuschlag für die Europameisterschaft 2029 - die Konkurrenz ist groß.,,2025-12-02T06:21:59Z,,Beim Werben um die Frauen-Weltmeisterschaft 2027 setzte es für den Deutschen Fußball-Bund im vergangenen Jahr noch eine deutliche Niederlage. Nun soll die Europameisterschaft 2029 das nächste große F… [+4899 chars],,de,'Deutschland'
https://www.stern.de/politik/ausland/australien--15-jaehriger-klagt-gegen-social-media-verbot-fuer-teenager-36917996.html,https://www.stern.de/politik/ausland/australien--15-jaehriger-klagt-gegen-social-media-verbot-fuer-teenager-36917996.html,0,www.stern.de,Australien: 15-Jähriger klagt gegen Social-Media-Verbot für Teenager,Im Zuge des Jugendschutzes geht Australien einen strikten Weg: Das Land verbietet Soziale Netzwerke ab kommender Woche für Teenager. Doch einer von ihnen wehrt sich nun.,https://image.stern.de/36918008/t/pR/v1/w1440/r1.7778/-/australien-social.jpg,2025-12-02T06:31:00Z,,"Kopiere den aktuellen Link
Zur Merkliste hinzufügen
Im Zuge des Jugendschutzes geht Australien einen strikten Weg: Das Land verbietet Soziale Netzwerke ab kommender Woche für Teenager. Doch einer v… [+1572 chars]",,de,'Australien'
https://www.welt.de/sport/olympia/article692d55b92ec9cebc900ed703/michael-mronz-sport-ist-eine-der-wichtigsten-sozialen-achsen-unserer-gesellschaft.html,https://www.welt.de/sport/olympia/article692d55b92ec9cebc900ed703/michael-mronz-sport-ist-eine-der-wichtigsten-sozialen-achsen-unserer-gesellschaft.html,0,www.welt.de,„Sport ist eine der wichtigsten sozialen Achsen unserer Gesellschaft“,"Deutschland plant eine neue Bewerbung um Olympische und Paralympische Spiele. Wie sind die Chancen und warum eigentlich nicht Olympia in ganz Deutschland? Ein Gespräch mit IOC-Mitglied Michael Mronz, der zudem die Version des Sportfördergesetzes kritisiert.",https://images.welt.de/692d55b92ec9cebc900ed703/738911cf871b0b7a8552d49bbcf20e2f-master/ci16x9-w1200/550623098-jpg,2025-12-02T07:08:00Z,,"Deutschland plant eine neue Bewerbung um Olympische und Paralympische Spiele. Wie sind die Chancen und warum eigentlich nicht Olympia in ganz Deutschland? Ein Gespräch mit IOC-Mitglied Michael Mronz,… [+11136 chars]",,de,'Deutschland'
https://www.faz.net/aktuell/politik/ausland/suedostasien-extremisten-rekrutieren-ueber-online-games-110795078.html,https://www.faz.net/aktuell/politik/ausland/suedostasien-extremisten-rekrutieren-ueber-online-games-110795078.html,0,www.faz.net,Südostasien: So nutzen Extremisten Gaming-Plattformen zur Rekrutierung,Nach einem Anschlag in Indonesien geraten Onlinespiele in den Fokus. Bei der Radikalisierung in Spielchats mischen sich rechtsradikale Ideen mit Islamismus und Frauenfeindlichkeit.,https://media0.faz.net/image/w1200h627/c50e625b0253/w3000h1567x0y60o/112025/1.10795075/mit-neonazi-codes-indonesische.webp,2025-12-02T07:19:54Z,,"Kurz vor Beginn des Freitagsgebets erschütterte eine erste Explosion eine Moschee, die zu einer Schule in der indonesischen Hauptstadt Jakarta gehört. Ein zweiter Sprengsatz folgte etwas später in de… [+5351 chars]",,de,'Indonesien'
https://www.welt.de/sport/fussball/article692e941d46f39b6230ff7d99/donald-trump-bekommt-er-den-friedenspreis-us-praesident-wird-an-wm-auslosung-teilnehmen.html,https://www.welt.de/sport/fussball/article692e941d46f39b6230ff7d99/donald-trump-bekommt-er-den-friedenspreis-us-praesident-wird-an-wm-auslosung-teilnehmen.html,0,www.welt.de,Bekommt er den Friedenspreis? Trump wird an WM-Auslosung teilnehmen,Bei der Auslosung der WM-Gruppen am Freitag ist für Bundestrainer Nagelsmann alles möglich. Ein Hammer mit Haaland oder ein leichtes Los mit Haiti? Vor der Show in Washington spielt auch Trump eine Rolle. Die Frage ist: Wird er nur Gast sein oder eine der Hau…,https://images.welt.de/692e941d46f39b6230ff7d99/605cc20975f758674e7aab2845d9ace4/ci16x9-w1200/000-729g4x9-jpg,2025-12-02T08:37:45Z,,Bei der Auslosung der WM-Gruppen am Freitag ist für Bundestrainer Nagelsmann alles möglich. Ein Hammer mit Haaland oder ein leichtes Los mit Haiti? Vor der Show in Washington spielt auch Trump eine R… [+4156 chars],,de,'Haiti'
https://www.welt.de/sport/fussball/article692e998c1b3201955317e44d/dfb-deutschland-hofft-auf-das-naechste-fussball-fest-so-stehen-die-chancen-auf-die-em-2029.html,https://www.welt.de/sport/fussball/article692e998c1b3201955317e44d/dfb-deutschland-hofft-auf-das-naechste-fussball-fest-so-stehen-die-chancen-auf-die-em-2029.html,0,www.welt.de,Deutschland hofft auf das nächste Fußball-Fest – So stehen die Chancen auf die EM,"Das bislang letzte große Frauenfußball-Turnier in Deutschland war die WM vor 14 Jahren. Nun hofft der DFB auf den Zuschlag für die Europameisterschaft 2029 – die Konkurrenz ist allerdings groß. Intern wird davor gewarnt, besonders einen Bewerber zu unterschät…",https://images.welt.de/692e998c1b3201955317e44d/97ba8ccdfe42b57f6f5979f82e159502/ci16x9-w1200/18343009-jpg,2025-12-02T10:28:56Z,,Beim Werben um die Frauen-Weltmeisterschaft 2027 setzte es für den Deutschen Fußball-Bund im vergangenen Jahr noch eine deutliche Niederlage. Nun soll die Europameisterschaft 2029 das nächste große F… [+4799 chars],,de,'Deutschland'
https://www.zeit.de/news/2025-12/02/berlin-bestaetigt-interesse-an-weltklasse-spieler-dika-mem,https://www.zeit.de/news/2025-12/02/berlin-bestaetigt-interesse-an-weltklasse-spieler-dika-mem,0,www.zeit.de,Handball: Berlin bestätigt Interesse an Weltklasse-Spieler Dika Mem,Hier finden Sie Informationen zu dem Thema „Handball“. Lesen Sie jetzt „Berlin bestätigt Interesse an Weltklasse-Spieler Dika Mem“.,https://img.zeit.de/news/2025-12/02/berlin-bestaetigt-interesse-an-weltklasse-spieler-dika-mem-image-group/wide__1300x731,2025-12-02T11:37:21Z,,"Nachdem in den letzten Wochen die Gerüchteküche über einen möglichen Wechsel von Weltklasse-Handballer Dika Mem zu den Füchsen Berlin brodelte, hat der deutsche Meister nun sein Interesse an dem 28-j… [+1983 chars]",,de,'Berlin'
https://www.diepresse.com/20367259/oesterreich-kann-sich-sein-veto-gegen-mercosur-nicht-laenger-leisten,https://www.diepresse.com/20367259/oesterreich-kann-sich-sein-veto-gegen-mercosur-nicht-laenger-leisten,0,www.diepresse.com,Österreich kann sich sein Veto gegen Mercosur nicht länger leisten [premium],"Europas schwächelnde Wirtschaft braucht den umstrittenen Freihandelspakt mit Südamerika, sagt Wifo-Chef Gabriel Felbermayr. Österreich müsse – trotz aller Sorgen der Bauern – den Weg frei machen.",https://img.diepresse.com/public/incoming/ew7h97-imago-images-0780186967/alternates/DPR_SOCIAL_NACHRICHTEN/imago%20images%200780186967,2025-12-02T12:16:22Z,,Auf dem Papier ist die Sache ganz simpel: Die EU schließt kurz vor Weihnachten endlich das lang verhandelte Freihandelsabkommen mit dem südamerikanischen Staatenverbund Mercosur (Mercado Común del Su… [+4597 chars],,de,'Uruguay'
https://www.waz.de/sport/article410601848/live-handball-wm-der-frauen-in-dortmund-deutschland-heute-gegen-wm-zwerg-faeroeer.html,https://www.waz.de/sport/article410601848/live-handball-wm-der-frauen-in-dortmund-deutschland-heute-gegen-wm-zwerg-faeroeer.html,0,www.waz.de,Live! Handball-WM der Frauen in Dortmund: Deutschland heute gegen WM-Zwerg Färöer,Die WM-Mission geht in Dortmund weiter: Die deutschen Handballerinnen treffen im ersten Hauptrundenspiel in der Westfalenhalle auf die Färöer. Das Spiel im Ticker.,https://img.sparknews.funkemedien.de/410601298/410601298_1764671333_v16_9_1600.jpeg,2025-12-02T13:45:00Z,,"Drei Spiele, drei Siege: Mit dieser Bilanz sind die deutschen Handballerinnen in die Hauptrunde der Heim-WM, die gemeinsam mit Co-Gastgeber Niederlande ausgetragen wird, eingezogen. In ihrer Gruppe b… [+2898 chars]",,de,'Uruguay'
https://taz.de/Vietnamesischer-Dissident/!6134749/,https://taz.de/Vietnamesischer-Dissident/!6134749/,0,taz.de,Vietnamesischer Dissident: Nguyen Van Dai wird Hanoi zu kritisch,"Die vietnamesische Regierung ließ ihren schärfsten Kritiker einst nach Berlin ausreisen, um ihn loszuwerden. Jetzt sucht sie ihn. Wer ist der Mann?",https://taz.de/picture/8100169/1200/39831326.jpeg,2025-12-02T17:34:00Z,,"Die vietnamesische Regierung ließ ihren schärfsten Kritiker einst nach Berlin ausreisen, um ihn loszuwerden. Jetzt sucht sie ihn. Wer ist der Mann? mehr...",,de,'Hanoi'
https://www.faz.net/aktuell/stil/faberge-ei-fuer-26-millionen-euro-versteigert-accg-200319015.html,https://www.faz.net/aktuell/stil/faberge-ei-fuer-26-millionen-euro-versteigert-accg-200319015.html,0,www.faz.net,Rekordpreis: Fabergé-Ei für 26 Millionen Euro versteigert,Die berühmten Werke des Juweliers Carl Fabergé wurden einst für den russischen Zaren gefertigt. Nun kam das sogenannte Winter-Ei in London unter den Hammer.,https://media0.faz.net/image/w1200h627/8a008b5d6911/w4032h2106x0y475o/202511/43601.0.1526792205/das-winter-ei-von-carl-faberg.webp,2025-12-02T19:38:26Z,http://web.archive.org/web/20251213205432/https://www.faz.net/aktuell/stil/faberge-ei-fuer-26-millionen-euro-versteigert-accg-200319015.html,Es ist eine fein gearbeitete Kreation aus Kristall und Diamanten und gilt als eines der schönsten Werke des Juweliers Carl Fabergé: Das sogenannte Winter-Ei ist am Dienstagabend in London zum Rekordp… [+2100 chars],,de,'London'
https://www.zeit.de/news/2025-12/03/charles-rollt-steinmeier-den-roten-teppich-aus,https://www.zeit.de/news/2025-12/03/charles-rollt-steinmeier-den-roten-teppich-aus,0,www.zeit.de,Staatsbesuch in London: Charles rollt Steinmeier den roten Teppich aus,Hier finden Sie Informationen zu dem Thema „Staatsbesuch in London“. Lesen Sie jetzt „Charles rollt Steinmeier den roten Teppich aus“.,https://img.zeit.de/news/2025-12/03/charles-rollt-steinmeier-den-roten-teppich-aus-image-group/wide__1300x731,2025-12-03T04:00:34Z,,"Erst Österreich, soeben Spanien und nun das Vereinigte Königreich - es ist bereits der dritte Staatsbesuch von Bundespräsident Frank-Walter Steinmeier und seiner Frau Elke Büdenbender innerhalb von k… [+5813 chars]",,de,'London'
https://www.nzz.ch/wirtschaft/marokko-guenstige-loehne-locken-industrie-aus-europa-ld.1913749,https://www.nzz.ch/wirtschaft/marokko-guenstige-loehne-locken-industrie-aus-europa-ld.1913749,0,www.nzz.ch,In Marokko sind Arbeiter noch günstiger als in Rumänien. Das lockt auch Schweizer und deutsche Firmen an,"Viele Autozulieferer verlagern ihre Produktion von Südosteuropa nach Marokko. Dort verdienen die Arbeiterinnen und Arbeiter so wenig, dass sie für ein geringes Aufgeld die Stelle wechseln – manchmal schon am nächsten Tag.","https://img.nzz.ch/2025/12/02/60ce53b1-8fb9-4597-a8f3-e2c5e3ea13e6.jpg?width=1200&height=674&fit=bounds&quality=75&auto=webp&crop=1240,697,x0,y130&wmark=nzz",2025-12-03T04:30:00Z,,"Viele Autozulieferer verlagern ihre Produktion von Südosteuropa nach Marokko. Dort verdienen die Arbeiterinnen und Arbeiter so wenig, dass sie für ein geringes Aufgeld die Stelle wechseln manchmal sc… [+7726 chars]",,de,'Marokko'
https://de.catholicnewsagency.com/news/22411/papst-leo-mit-blick-auf-deutschen-synodalen-weg-zuversichtlich,https://de.catholicnewsagency.com/news/22411/papst-leo-mit-blick-auf-deutschen-synodalen-weg-zuversichtlich,0,de.catholicnewsagency.com,Papst Leo mit Blick auf deutschen Synodalen Weg „zuversichtlich“,"Papst Leo XIV. hat sich auf dem Rückflug von Beirut nach Rom mit Blick auf den deutschen Synodalen Weg „zuversichtlich“ gezeigt. Die Päpste beantworten auf ihren Flugreisen in alle Welt gewöhnlich ausgewählte Fragen von mitreisenden Journalisten.
Papst Leo sa…",https://de.catholicnewsagency.com/image/_ris2379_1764701617.JPG?w=1150&jpg,2025-12-03T06:00:00Z,,"Vatikanstadt -
 Mittwoch, 3. Dezember 2025, 7:00 Uhr.
Papst Leo XIV. hat sich auf dem Rückflug von Beirut nach Rom mit Blick auf den deutschen Synodalen Weg zuversichtlich gezeigt. Die Päpste beant… [+5625 chars]",,de,'Uruguay'
https://www.stern.de/sport/fussball-nationalmannschaft--nagelsmann-vor-wm-auslosung---kribbeln-im-koerper--36922228.html,https://www.stern.de/sport/fussball-nationalmannschaft--nagelsmann-vor-wm-auslosung---kribbeln-im-koerper--36922228.html,0,www.stern.de,"Fußball-Nationalmannschaft: Nagelsmann vor WM-Auslosung: ""Kribbeln im Körper""",Die WM-Auslosung bringt maximale Spannung: Deutschland trifft in der Vorrunde zwar nicht auf eine Top-Nation. Aber der Turnierweg hat viele große Herausforderungen. Das spürt auch der Bundestrainer.,https://image.stern.de/36922230/t/Jr/v1/w1440/r1.7778/-/03--hdt56sm4ezv5axs2048jpeg---3d2848851024d765.jpg,2025-12-03T06:00:06Z,,"Kopiere den aktuellen Link
Zur Merkliste hinzufügen
Die WM-Auslosung bringt maximale Spannung: Deutschland trifft in der Vorrunde zwar nicht auf eine Top-Nation. Aber der Turnierweg hat viele große… [+2873 chars]",,de,'Uruguay'
https://www.tagesspiegel.de/sport/fussball-nationalmannschaft-nagelsmann-vor-wm-auslosung-kribbeln-im-korper-15009508.html,https://www.tagesspiegel.de/sport/fussball-nationalmannschaft-nagelsmann-vor-wm-auslosung-kribbeln-im-korper-15009508.html,0,www.tagesspiegel.de,Fußball-Nationalmannschaft: Nagelsmann vor WM-Auslosung: „Kribbeln im Körper“,Die WM-Auslosung bringt maximale Spannung: Deutschland trifft in der Vorrunde zwar nicht auf eine Top-Nation. Aber der Turnierweg hat viele große Herausforderungen. Das spürt auch der Bundestrainer.,https://www.tagesspiegel.de/images/15009507/alternates/BASE_16_9_W1400/1764741680000/fu-ball-nationalmannschaft.jpeg,2025-12-03T06:01:21Z,,"Vor dem Abflug zur Gruppenauslosung nach Washington wächst auch bei Julian Nagelsmann die WM-Anspannung. Man spürt das Kribbeln im Körper, die Vorfreude steigt und wir können auf allen Ebenen voll in… [+3380 chars]",,de,'Deutschland'
"https://www.gamestar.de/artikel/frankreich-atomkraftwerk-quallen,3438710.html","https://www.gamestar.de/artikel/frankreich-atomkraftwerk-quallen,3438710.html",0,www.gamestar.de,Wissenschaft - Wie Quallen das zweitgrößte Atomkraftwerk Europas lahm legten – und warum der Mensch das größte Problem dabei ist,"Kaum ein Land ist derart eng mit einer Form Energieversorgung verzahnt, wie Frankreich mit Atomkraft. Dort kam es zu einem ungewöhnlichen Vorfall.",https://images.cgames.de/images/gamestar/293/teaser-atomkraft-gravelines-quallen-gs_6372144.jpg,2025-12-03T06:46:00Z,,"Eine einzelne Qualle kann wenig ausrichten Hunderte oder tausende hingegen schon.
(Bildquelle: Unsplash, Jeffrey Hamilton und Mick Truyts)
Wenn Atommeiler herunterfahren, um eine Katastrophe zu ver… [+6252 chars]",,de,'Hamilton'
https://www.n-tv.de/sport/fussball/Heidi-Klum-feiert-ueberraschendes-Comeback-id30099063.html,https://www.n-tv.de/sport/fussball/Heidi-Klum-feiert-ueberraschendes-Comeback-id30099063.html,0,www.n-tv.de,Protagonistin bei WM-Auslosung: Heidi Klum feiert überraschendes Comeback,Die Gruppen-Auslosung zur Fußball-WM im kommenden Jahr bringt maximale Spannung: Deutschland trifft in der Vorrunde zwar nicht auf eine Top-Nation. Aber der Turnierweg hat viele große Herausforderungen. Das spürt auch der Bundestrainer.,https://www.n-tv.de/img/30099155/1764751248/Img_16_9/1200/Supermodel-Heidi-Klum-wird-die-Auslosung-zur-Endrunde-der-Fussball-WM-2026-moderieren.jpg,2025-12-03T07:45:00Z,,"Protagonistin bei WM-AuslosungHeidi Klum feiert überraschendes Comeback
Supermodel Heidi Klum wird die Auslosung zur Endrunde der Fußball-WM 2026 moderieren. 
Die Gruppen-Auslosung zur Fußball-WM i… [+3691 chars]",,de,'Deutschland'
https://www.n-tv.de/politik/USA-stoppen-Einwanderungsantraege-aus-19-Laendern-id30099318.html,https://www.n-tv.de/politik/USA-stoppen-Einwanderungsantraege-aus-19-Laendern-id30099318.html,0,www.n-tv.de,Nach Angriff auf Nationalgarde: USA stoppen Einwanderungsanträge aus 19 Ländern,"Den Angriff auf zwei Nationalgardisten in Washington nimmt die US-Regierung zum Anlass, um hart durchzugreifen. Die Einwanderungsanträge aus 19 Ländern sollen vorerst gestoppt werden, heißt es in einer Mitteilung. Folgen soll dann eine intensive Prüfung.",https://www.n-tv.de/img/30099350/1764751230/Img_16_9/1200/U-S-Homeland-Security-Secretary-Kristi-Noem-speaks-to-the-Berkeley-County-GOP-Friday-Nov-7-2025-in-Charleston-S-C.jpg,2025-12-03T09:11:15Z,,"Eine der Heimatschutzministerin Noem untergeordnete Behörde ordnete den Stopp an. (Foto: picture alliance / ASSOCIATED PRESS)
Den Angriff auf zwei Nationalgardisten in Washington nimmt die US-Regier… [+2157 chars]",,de,'USA'
https://www.tagesschau.de/wirtschaft/weltwirtschaft/steinmeier-grossbritannien-brexit-100.html,https://www.tagesschau.de/wirtschaft/weltwirtschaft/steinmeier-grossbritannien-brexit-100.html,0,www.tagesschau.de,Steinmeier in London: Neuer Schwung für alte Handelsbeziehungen?,"Großbritanniens Wirtschaft ächzt unter den Folgen des Brexits. Entsprechend bemüht ist die Regierung, um europäische Partner zu buhlen - so auch beim Staatsbesuch von Bundespräsident Steinmeier. Von Christoph Prössl.",https://images.tagesschau.de/image/64c4818f-5afa-45c0-9601-6ffc78ceb1dc/AAABmuOdj8g/AAABmt42H9g/16x9-big/flaggen-buckingham-palace-100.jpg?width=1280,2025-12-03T10:25:16Z,,"Stand: 03.12.2025 11:25 Uhr
Großbritanniens Wirtschaft ächzt unter den Folgen des Brexits. Entsprechend bemüht ist die Regierung, um europäische Partner zu buhlen - so auch beim Staatsbesuch von Bun… [+3971 chars]",,de,'London'
https://www.dw.com/de/basketballcoach-obradovic-haelt-serbien-in-atem-vorwuerfe-gegen-partizan-praesidenten-mijailovic/a-74996275,https://www.dw.com/de/basketballcoach-obradovic-haelt-serbien-in-atem-vorwuerfe-gegen-partizan-praesidenten-mijailovic/a-74996275,0,www.dw.com,Ein Basketballcoach hält Serbien in Atem,Zeljko Obradovics Abschied von Partizan Belgrad ist in Serbien zum Politikum geworden. Der Trainer erhebt schwere Vorwürfe gegen den Klubpräsidenten - einen Mann aus dem Umfeld von Präsident Aleksandar Vucic.,https://static.dw.com/image/74992506_6.jpg,2025-12-03T13:37:00Z,http://web.archive.org/web/20251204182317/https://www.dw.com/de/basketballcoach-obradovic-haelt-serbien-in-atem-vorwuerfe-gegen-partizan-praesidenten-mijailovic/a-74996275,"Am Donnerstag, dem 27.11.2025 kurz nach 17 Uhr, verfolgten auf FlightRadar
über zehntausend Menschen live den Kurs des Fluges JU533. Die Linienmaschine der Air Serbia von Athen nach Belgrad wurde da… [+7018 chars]",,de,'Serbien'
https://www.macerkopf.de/2025/12/03/apple-hilfsmassnahmen-asien-stuermen-braenden/,https://www.macerkopf.de/2025/12/03/apple-hilfsmassnahmen-asien-stuermen-braenden/,0,www.macerkopf.de,Apple spendet für Hilfsmaßnahmen in Asien nach verheerenden Stürmen und Bränden,"Nach verschiedenen Katastrophen, die sich zuletzt in Asien zugetragen hat, darunter mehrere Gebäudebrände in Hongkong und eine Reihe schwerer Stürme und Überschwemmungen in Thailand, Indonesien, Malaysia und Sri Lanka, hat Apple angekündigt für die Hilfsmaßna…",https://www.macerkopf.de/wp-content/uploads/2019/09/apple_logo_weiss.jpg,2025-12-03T14:00:56Z,,"Nach verschiedenen Katastrophen, die sich zuletzt in Asien zugetragen hat, darunter mehrere Gebäudebrände in Hongkong und eine Reihe schwerer Stürme und Überschwemmungen in Thailand, Indonesien, Mala… [+1050 chars]",,de,'Malaysia'
https://www.stern.de/news/ueberflutungen-und-erdrutsche--zahl-der-todesopfer-in-asien-steigt-auf-mehr-als-1500-36922668.html,https://www.stern.de/news/ueberflutungen-und-erdrutsche--zahl-der-todesopfer-in-asien-steigt-auf-mehr-als-1500-36922668.html,0,www.stern.de,Überflutungen und Erdrutsche: Zahl der Todesopfer in Asien steigt auf mehr als 1500,"In Indonesien, Sri Lanka und Thailand ist die Zahl der Todesopfer durch verheerenden Starkregen weiter gestiegen. Insgesamt mehr als 1500 Menschen kamen nach offiziellen Angaben vom Mittwoch durch Überschwemmungen und Erdrutsche in den drei Ländern ums Leben.…",https://image.stern.de/36925238/t/Hq/v1/w1440/r1.7778/-/03--flutschaeden-auf-der-indonesischen-insel-sumatra---bd43270939b81da7.jpg,2025-12-03T15:45:59Z,,"Kopiere den aktuellen Link
Zur Merkliste hinzufügen
In Indonesien, Sri Lanka und Thailand ist die Zahl der Todesopfer durch verheerenden Starkregen weiter gestiegen. Insgesamt mehr als 1500 Mensche… [+2375 chars]",,de,'Sri Lanka'
https://www.focus.de/politik/ausland/entfuehrte-kinder-zurueck-in-die-ukraine-diese-11-laender-halten-zu-russland_804d5c36-5d89-4022-befd-8fed939b99ce.html,https://www.focus.de/politik/ausland/entfuehrte-kinder-zurueck-in-die-ukraine-diese-11-laender-halten-zu-russland_804d5c36-5d89-4022-befd-8fed939b99ce.html,0,www.focus.de,Entführte Kinder zurück in die Ukraine? Diese 11 Länder halten zu Russland,"Ein Dutzend Länder stimmte gegen eine Resolution zur Rückführung von Russland entführter ukrainischer Kinder. Der UN-Botschafter der Ukraine fordert die EU auf, auch gegen die Länder vorzugehen, die sich enthalten haben.",https://quadro.burda-forward.de/ctf/26d66710-15f7-4958-9531-bf19e7e541bf.598af3ea-5e7c-4694-a0b9-8feba1ca17ff.jpeg?im=RegionOfInterestCrop%3D%281200%2C630%29%2CregionOfInterest%3D%281732%2C1154.5%29&hash=b1d79465b22f51190930f6dcd590ad325a429a02d653a97b778cffa7085267b4,2025-12-04T05:43:52Z,,"Die Vereinten Nationen haben in der Nacht zu Donnerstag eine Resolution für die Heimkehr von Russland entführter Kinder aus der Ukraine verabschiedet. 91 Länder stimmten für die Resolution, die den D… [+2626 chars]",,de,'Sri Lanka'
https://www.tagesspiegel.de/sport/fussball-nationalmannschaft-neun-wege-zum-gluck-nagelsmanns-kribbeln-vor-wm-los-15014899.html,https://www.tagesspiegel.de/sport/fussball-nationalmannschaft-neun-wege-zum-gluck-nagelsmanns-kribbeln-vor-wm-los-15014899.html,0,www.tagesspiegel.de,Fußball-Nationalmannschaft: Neun Wege zum Glück: Nagelsmanns „Kribbeln“ vor WM-Los,Julian Nagelsmann hat seinen amerikanischen Traum. Bei der WM soll im kommenden Sommer Großes gelingen. Zur Gruppenauslosung reist der Bundestrainer mit ganz speziellen Gefühlen nach Washington.,https://www.tagesspiegel.de/images/15015473/alternates/BASE_16_9_W1400/1764839491000/wm-auslosung.jpeg,2025-12-04T05:46:06Z,,"Der Blick auf die Wetterkarte für Washington sollte Julian Nagelsmann beunruhigen. Droht ihm etwa zur großen WM-Show mit US-Präsident Donald Trump, Supermodel Heidi Klum und dem Losfee-Quartett um To… [+6154 chars]",,de,'Washington'
https://www.stern.de/sport/fussball-nationalmannschaft--neun-wege-zum-glueck--nagelsmanns--kribbeln--vor-wm-los-36926314.html,https://www.stern.de/sport/fussball-nationalmannschaft--neun-wege-zum-glueck--nagelsmanns--kribbeln--vor-wm-los-36926314.html,0,www.stern.de,"Fußball-Nationalmannschaft: Neun Wege zum Glück: Nagelsmanns ""Kribbeln"" vor WM-Los",Julian Nagelsmann hat seinen amerikanischen Traum. Bei der WM soll im kommenden Sommer Großes gelingen. Zur Gruppenauslosung reist der Bundestrainer mit ganz speziellen Gefühlen nach Washington.,https://image.stern.de/36927082/t/qc/v1/w1440/r1.7778/-/04--hnva65wp63v4axs2048jpeg---8ab305a512977ec8.jpg,2025-12-04T09:10:13Z,,"Kopiere den aktuellen Link
Zur Merkliste hinzufügen
Julian Nagelsmann hat seinen amerikanischen Traum. Bei der WM soll im kommenden Sommer Großes gelingen. Zur Gruppenauslosung reist der Bundestrai… [+5649 chars]",,de,'Uruguay'
https://www.zeit.de/news/2025-12/04/ally-pally-statt-saudi-arabien-darts-wm-bleibt-in-london,https://www.zeit.de/news/2025-12/04/ally-pally-statt-saudi-arabien-darts-wm-bleibt-in-london,0,www.zeit.de,Turnier am Jahresende: Ally Pally statt Saudi-Arabien: Darts-WM bleibt in London,Hier finden Sie Informationen zu dem Thema „Turnier am Jahresende“. Lesen Sie jetzt „Ally Pally statt Saudi-Arabien: Darts-WM bleibt in London“.,https://img.zeit.de/news/2025-12/04/ally-pally-statt-saudi-arabien-darts-wm-bleibt-in-london-image-group/wide__1300x731,2025-12-04T11:06:36Z,,"Die Darts-Weltmeisterschaft bleibt langfristig in London, wechselt aber innerhalb des Alexandra Palace die Location. Der Weltverband PDC und die Arena verlängerten ihren Vertrag um fünf Jahre bis 203… [+1631 chars]",,de,'London'
https://curved.de/news/google-trends-2025-was-deutschland-wirklich-interessiert-hat-782698,https://curved.de/news/google-trends-2025-was-deutschland-wirklich-interessiert-hat-782698,0,curved.de,Google Trends 2025: Was Deutschland wirklich interessiert hat,"Was hat Deutschland 2025 gegoogelt? Von Politik bis Pop – der Jahresrückblick zeigt, was euch wirklich bewegt hat.",https://curved.de/media/cache/resolve/seo_social_image_filter/cms/2025/12/google-recap-2025.jpg,2025-12-04T11:40:53Z,,"Was passiert, wenn man Millionen Suchanfragen durchwühlt? Man bekommt ein ziemlich ehrliches Bild davon, was ein Land bewegt. Der Google-Jahresrückblick 2025 zeigt: Zwischen Politik, Pop und Papaya-D… [+3941 chars]",,de,'Deutschland'
https://www.tagesspiegel.de/sport/fifa-zeremonie-die-lostopfe-fur-die-fussball-wm-2026-15017359.html,https://www.tagesspiegel.de/sport/fifa-zeremonie-die-lostopfe-fur-die-fussball-wm-2026-15017359.html,0,www.tagesspiegel.de,FIFA-Zeremonie: Die Lostöpfe für die Fußball-WM 2026,Welche Teams treffen bei der Fußball-WM 2026 in der Vorrunde aufeinander – und warum gibt es bei Europa eine Ausnahme? Ein Blick auf die Lostöpfe für die FIFA-Gala in Washington.,https://www.tagesspiegel.de/images/15017358/alternates/BASE_16_9_W1400/1764851880000/fu-ball-wm.jpeg,2025-12-04T12:27:14Z,,"Bei der Auslosung der Vorrundengruppen für die Fußball-WM 2026 sind die 42 bislang qualifizierten Teams nach ihrer Weltranglistenposition in vier Töpfe eingeteilt. Den drei Gastgebern USA, Mexiko und… [+1538 chars]",,de,'Washington'
https://www.nzz.ch/international/ueber-800-tote-durch-fluten-indonesiens-regierung-in-bedraengnis-ld.1914954,https://www.nzz.ch/international/ueber-800-tote-durch-fluten-indonesiens-regierung-in-bedraengnis-ld.1914954,0,www.nzz.ch,Die Fluten in Indonesien bringen die Regierung in Bedrängnis,"Der Präsident Prabowo Subianto weigert sich, den Notstand auszurufen. Er ist nicht der einzige Staatschef in der Region, der nach dem Regen unter Druck gerät.","https://img.nzz.ch/2025/12/04/4421bfe7-fea8-4606-ad82-2731dfa992a2.jpg?width=1200&height=675&fit=bounds&quality=75&auto=webp&crop=6389,3594,x0,y10&wmark=nzz",2025-12-04T13:00:00Z,,"Der Präsident Prabowo Subianto weigert sich, den Notstand auszurufen. Er ist nicht der einzige Staatschef in der Region, der nach dem Regen unter Druck gerät.
Männer begutachten angeschwemmtes Holz … [+5221 chars]",,de,'Indonesien'
https://sport.orf.at/stories/3148517/,https://sport.orf.at/stories/3148517/,0,sport.orf.at,Wie die WM-Auslosung in den USA abläuft,"Am Freitag (ab 17.25 Uhr, live in ORF1) ist es so weit: In der US-Hauptstadt Washington erfährt Österreichs Fußballnationalteam der Herren bei der Auslosung in Washington seine Gegner in der Gruppenphase der Weltmeisterschaft 2026 in den USA, Kanada und Mexik…",https://ibs.orf.at/sport?image=https%3A%2F%2Fassets.orf.at%2Fmims%2F2025%2F49%2F34%2Fcrops%2Fw%3D1200%2Ch%3D630%2Cq%3D75%2F2855826_master_1102834_fus_wm_2026_auslosung_wissenswertes17_im.jpg%3Fs%3D706805be7f782611f5cf9f4fc81a71cd902c2fac,2025-12-04T13:30:39Z,,"Modus: Erstmals in der WM-Historie seit 1930 nehmen 48 (statt wie etwa zuletzt 32) Mannschaften an der Endrunde teil, damit wird es am Ende eine Rekordanzahl von 104 Spielen geben. Bei der Auslosung … [+5762 chars]",,de,'USA'
https://www.stern.de/sport/fussball/wm-auslosung--die-schwerste-und-leichteste-gruppe-fuer-deutschland-36926988.html,https://www.stern.de/sport/fussball/wm-auslosung--die-schwerste-und-leichteste-gruppe-fuer-deutschland-36926988.html,0,www.stern.de,WM-Auslosung: Hammergruppe oder leichtes Los? Das könnte Deutschland in der Vorrunde erwarten,Gegen wen spielt die deutsche Nationalmannschaft in der WM-Vorrunde? Diese Frage wird bei der Auslosung in Washington beantwortet. Wir haben ein paar Szenarien durchgespielt.,https://image.stern.de/36926998/t/O9/v1/w1440/r1.7778/-/wm-auslosung-julian-nagelsmann.jpg,2025-12-04T13:32:00Z,,"Kopiere den aktuellen Link
Zur Merkliste hinzufügen
Gegen wen spielt die deutsche Nationalmannschaft in der WM-Vorrunde? Diese Frage wird bei der Auslosung in Washington beantwortet. Wir haben ein … [+4319 chars]",,de,'Uruguay'
https://www.stern.de/sport/fussball/wm-auslosung--regeln--ablauf-und-stargaeste-in-washington-36928408.html,https://www.stern.de/sport/fussball/wm-auslosung--regeln--ablauf-und-stargaeste-in-washington-36928408.html,0,www.stern.de,"Fußball-Weltmeisterschaft: Stars, Trump und Töpfe: So läuft die WM-Auslosung",In Washington findet die Auslosung der WM-Gruppen statt. Neben der Fußball-Prominenz sind auch Heidi Klum und Donald Trump dabei. Die wichtigsten Fragen und Antworten.,https://image.stern.de/36928840/t/N1/v1/w1440/r1.7778/-/wm-auslosung-foto.jpg,2025-12-04T14:43:00Z,,"Kopiere den aktuellen Link
Zur Merkliste hinzufügen
In Washington findet die Auslosung der WM-Gruppen statt. Neben der Fußball-Prominenz sind auch Heidi Klum und Donald Trump dabei. Die wichtigsten… [+4043 chars]",,de,'Washington'
https://www.bild.de/leben-wissen/reisen/touristenmangel-weltweit-diese-laender-wuenschen-sich-mehr-besucher-69304cb711f914c89b851b2b,https://www.bild.de/leben-wissen/reisen/touristenmangel-weltweit-diese-laender-wuenschen-sich-mehr-besucher-69304cb711f914c89b851b2b,0,www.bild.de,"Madagaskar bis Bhutan - Orte, wo Touristen nicht stören, sondern fehlen","Fodor’s Liste mit Orten, die nachhaltigen Tourismus aktiv fördern – von Palau bis zur japanischen Küste.","https://images.bild.de/69304cb711f914c89b851b2b/1e11ed7fa5400abf84dad107d65db655-landscape,f2d2e2c4?w=1280",2025-12-04T15:58:39Z,,"TTS-Player überspringenArtikel weiterlesenTouristenmassen nerven! In Venedig, Barcelona oder auf Bali gelten Reisende inzwischen zunehmend als Belastung. Doch es gibt auch das Gegenteil: Orte, die si… [+4140 chars]",,de,'Bhutan'
https://www.sueddeutsche.de/sport/fifa-fussball-wm-2026-auslosung-li.3349099,https://www.sueddeutsche.de/sport/fifa-fussball-wm-2026-auslosung-li.3349099,0,www.sueddeutsche.de,"Fragen und Antworten zur WM-Auslosung: Klum moderiert, Deutschland grübelt",Welche Gegner kann das DFB-Team ziehen? Warum machen Platzhalterlose das Prozedere so kompliziert? Was kosten die Tickets? Die wichtigsten Fragen und Antworten zur WM-Auslosung.,https://www.sueddeutsche.de/2025/12/04/52b29239-1f0e-42c9-8b1e-15d853e6a21c.jpg?q=60&fm=webp&width=1200&rect=0%2C193%2C3744%2C2106,2025-12-04T16:06:31Z,,"Was erwartet die deutsche Nationalmannschaft?
Das DFB-Team befindet sich wieder in Lostopf eins, ein gar nicht mal so nebensächlicher Fakt. Denn bei der WM 2022 in Katar war das nicht der Fall, prom… [+7075 chars]",,de,'Uruguay'
https://www.faz.net/aktuell/politik/ausland/in-london-steinmeier-sieht-neue-gemeinschaft-nach-brexit-110797291.html,https://www.faz.net/aktuell/politik/ausland/in-london-steinmeier-sieht-neue-gemeinschaft-nach-brexit-110797291.html,0,www.faz.net,Staatsbesuch in London: Steinmeier beschwört in Westminster einen Pakt der Demokratien,Der Brexit soll nicht länger das deutsch-britische Verhältnis bestimmen. Der Bundespräsident sucht einen neuen Schulterschluss mit Großbritannien.,https://media0.faz.net/image/w1200h627/baf21eebadf7/w3000h1567x0y216o/122025/1.10797287/deutsche-botschaft-steinmeier.webp,2025-12-04T17:12:53Z,,"Der Bundespräsident hat in London vor Abgeordneten aus beiden Kammern des Parlaments die Partnerschaft mit Großbritannien beschworen. Er beteuerte, das Vereinigte Königreich bleibe auch nach dem Brex… [+3989 chars]",,de,'London'
https://www.faz.net/aktuell/politik/ausland/grossbritannien-und-deutschland-steinmeier-wirbt-fuer-neue-naehe-110797120.html,https://www.faz.net/aktuell/politik/ausland/grossbritannien-und-deutschland-steinmeier-wirbt-fuer-neue-naehe-110797120.html,0,www.faz.net,Steinmeier in Großbritannien: Es geht nur mit London,"Die neuerliche Bedrohung aus Russland hat die Briten wieder näher an Europa herangeführt, als die Brexiteers das eigentlich vorhatten. Der Staatsbesuch des Bundespräsidenten bringt das zum Ausdruck.",https://media0.faz.net/image/w1200h627/153b247c6a97/w3000h1567x0y60o/122025/1.10797115/bundespraesident-frank-walter.webp,2025-12-04T18:01:49Z,http://web.archive.org/web/20251214174824/https://www.faz.net/aktuell/politik/ausland/grossbritannien-und-deutschland-steinmeier-wirbt-fuer-neue-naehe-110797120.html,"Der Krieg in der Ukraine hat paradoxerweise dazu geführt, dass der Brexit sich in der Außenpolitik nicht so stark ausgewirkt hat wie im Handel. Die neuerliche Bedrohung aus Russland hat es den Briten… [+1237 chars]",,de,'Europa'
https://www.zeit.de/news/2025-12/04/weg-frei-fuer-babis-als-regierungschef-in-tschechien,https://www.zeit.de/news/2025-12/04/weg-frei-fuer-babis-als-regierungschef-in-tschechien,0,www.zeit.de,Neue rechte Koalition: Weg frei für Babis als Regierungschef in Tschechien,Hier finden Sie Informationen zu dem Thema „Neue rechte Koalition“. Lesen Sie jetzt „Weg frei für Babis als Regierungschef in Tschechien“.,https://img.zeit.de/news/2025-12/04/weg-frei-fuer-babis-als-regierungschef-in-tschechien-image-group/wide__1300x731,2025-12-04T20:56:41Z,,"Zwei Monate nach der Parlamentswahl ist in Tschechien der Weg frei für eine neue Regierung. Nach längerem Zögern hat sich Präsident Petr Pavel bereiterklärt, den rechtspopulistischen Wahlsieger und M… [+1410 chars]",,de,'Tschechien'
https://www.tagesspiegel.de/sport/euroleague-bei-herbert-ruckkehr-bayern-basketballer-verlieren-erneut-15020273.html,https://www.tagesspiegel.de/sport/euroleague-bei-herbert-ruckkehr-bayern-basketballer-verlieren-erneut-15020273.html,0,www.tagesspiegel.de,EuroLeague: Bei Herbert-Rückkehr: Bayern-Basketballer verlieren erneut,Auch die Rückkehr des Trainers kann die Niederlagenserie der Basketballer des FC Bayern München in der EuroLeague nicht stoppen. In Belgrad verlieren sie nach der Pause den Faden.,https://www.tagesspiegel.de/images/15020272/alternates/BASE_16_9_W1400/1764884838000/fc-bayern-munchen-ratiopharm-ulm.jpeg,2025-12-04T21:47:19Z,,Die Niederlagenserie der Basketballer des FC Bayern München in der EuroLeague geht weiter: Mit 85:92 (43:36) zog der Deutsche Meister bei Partizan Belgrad den Kürzeren und kassierte damit seine fünft… [+1927 chars],,de,'Belgrad'
https://www.zeit.de/gesellschaft/2025-12/tropensturm-ueberschwemmungen-asien-indonesien-sri-lanka-tote-1500,https://www.zeit.de/gesellschaft/2025-12/tropensturm-ueberschwemmungen-asien-indonesien-sri-lanka-tote-1500,0,www.zeit.de,Tropensturm: Zahl der Toten nach Sturm in Asien steigt auf mehr als 1.500,Bei Überschwemmungen sind vor allem in Indonesien und Sri Lanka viele Menschen getötet worden. Umweltschützer machen Abholzungen für die Katastrophe mitverantwortlich.,https://img.zeit.de/gesellschaft/2025-12/tropensturm-ueberschwemmungen-asien-indonesien-sri-lanka-tote-1500-bild/wide__1300x731,2025-12-05T03:42:52Z,,"Im Süden und Südosten Asiens sind bei Überschwemmungen und
Erdrutschen nach einem Tropensturm mehr als 1.500 Menschen getötet worden. Behörden in Indonesien meldeten mindestens 836 Tote. In Sri Lank… [+1168 chars]",,de,'Sri Lanka'
https://www.zeit.de/mobilitaet/2025-11/bahnverkehr-spanien-zuege-hochgeschwindigkeitsstrecke-schienennetz,https://www.zeit.de/mobilitaet/2025-11/bahnverkehr-spanien-zuege-hochgeschwindigkeitsstrecke-schienennetz,0,www.zeit.de,"Bahnverkehr in Spanien: So schnell wie China, fast so pünktlich wie die Schweiz",Mit 350 Kilometern pro Stunde sollen bald Hochgeschwindigkeitszüge von Madrid nach Barcelona fahren – und pünktlich ankommen. Kann Deutschland davon lernen?,https://img.zeit.de/mobilitaet/2025-11/bahnverkehr-spanien-zuege-hochgeschwindigkeitsstrecke/wide__1300x731,2025-12-05T08:23:45Z,,"Óscar Puente, Spaniens Minister für Transport und
Infrastruktur, ist bekannt für eine gewisse Großspurigkeit. Eine
flutgeschädigte Autobahn wieder aufbauen? ""Schaffen wir in zwölf Tagen"", tönt
der… [+498 chars]",,de,'Spanien'
https://www.bild.de/news/ausland/indonesien-sri-lanka-und-thailand-ueberschwemmungen-fordern-1500-tote-69328b9b11f914c89b853720,https://www.bild.de/news/ausland/indonesien-sri-lanka-und-thailand-ueberschwemmungen-fordern-1500-tote-69328b9b11f914c89b853720,0,www.bild.de,"Indonesien, Sri Lanka und Thailand - Überschwemmungen fordern 1500 Tote","Das Ausmaß des verheerenden Starkregens in Indonesien, Sri Lanka und Thailand immer deutlicher und von Tag zu Tag immer schlimmer!","https://images.bild.de/69328b9b11f914c89b853720/28301ec73f66d7541d1e773152de1441,ac87facd?w=1280",2025-12-05T09:00:43Z,,"Bangkok Das Ausmaß wird immer deutlicher und von Tag zu Tag immer schlimmer! Durch den verheerenden Starkregen in Indonesien, Sri Lanka und Thailand ist die Zahl der Todesopfer mittlerweile auf mehr … [+2917 chars]",,de,'Sri Lanka'
https://www.n-tv.de/sport/fussball/Mehrere-Fussball-Profis-nach-Wettskandal-verhaftet-id30109056.html,https://www.n-tv.de/sport/fussball/Mehrere-Fussball-Profis-nach-Wettskandal-verhaftet-id30109056.html,0,www.n-tv.de,Aufruhr in der Türkei: Mehrere Fußball-Profis nach Wettskandal verhaftet,"Der türkische Fußball wird von einem Wettskandal aufgewühlt, Tausende Menschen sind über mehrere Ligen hinweg involviert. Erneut kommt es zu Verhaftungen, darunter auch von mehreren Profis. Mindestens ein Spieler des Rekordmeisters ist darunter.",https://www.n-tv.de/img/30109149/1764935151/Img_16_9/1200/ISTANBUL-TURKIYE-JULY-12-Galatasaray-player-Metehan-Baltaci-celebrates-after-scoring-a-goal-during-the-pre-season-friendly-match-between-Umraniyespor-and-Galatasaray-at-Umraniyespor-Stadium-in-Istanbul-Turkiye-on-July-12-2025-Abdulhamid-Hosbas-Anadolu-ABACAPRESS.jpg,2025-12-05T11:01:48Z,,"Aufruhr in der TürkeiMehrere Fußball-Profis nach Wettskandal verhaftet
Gegen Metehan Baltac wurde ein Haftbefehl erlassen. (Foto: picture alliance / abaca)
Der türkische Fußball wird von einem Wett… [+1944 chars]",,de,'Istanbul'
https://www.zeit.de/sport/2025-12/wettskandal-tuerkei-spieler-festgenommen,https://www.zeit.de/sport/2025-12/wettskandal-tuerkei-spieler-festgenommen,0,www.zeit.de,Wettskandal in der Türkei: Mehrere Fußballer wegen Betrugsverdachts festgenommen,Die Staatsanwaltschaft in Istanbul hat im Zuge des Wettskandals 29 weitere Fußballspieler festnehmen lassen. Fast alle von ihnen sollen auf eigene Spiele gewettet haben.,https://img.zeit.de/sport/2025-12/tuerkei-fussball-wettskandal-festnahme-spieler-bild-2/wide__1300x731,2025-12-05T11:08:54Z,,"Die Ermittlungen zum Wettskandal im türkischen Fußball haben zu weiteren Festnahmen geführt. Die Staatsanwaltschaft in Istanbul veranlasste, 46 weitere Verdächtige festzunehmen. Darunter seien 29 Fuß… [+537 chars]",,de,'Istanbul'
https://www.stern.de/news/gebet-36932596.html,https://www.stern.de/news/gebet-36932596.html,0,www.stern.de,Gebet,"In der Al-Akbar-Moschee in Surabaya (Indonesien) beten Menschen für die Opfer der Flutkatastrophe, die vergangene Woche infolge von zwei Tropenstürmen und heftigem Monsunregen mehrere Länder Asiens schwer getroffen hatte.",https://image.stern.de/36932598/t/eA/v1/w1440/r1.7778/-/05--gebet---76c6f42c0f8a0634.jpg,2025-12-05T12:45:24Z,,"Zugang zu stern+statt 11,96 
 nur 1  
<ul><li>Alles von stern+ mit erstklassigen Inhalten von GEO und Capital</li><li>4 Wochen testen, dann 2,99  je Woche</li><li>jederzeit kündbar</li></ul>",,de,'Indonesien'
https://www.stern.de/news/mehr-als-600-tote-in-sri-lanka-durch-erdrutsche-und-ueberschwemmungen-36933076.html,https://www.stern.de/news/mehr-als-600-tote-in-sri-lanka-durch-erdrutsche-und-ueberschwemmungen-36933076.html,0,www.stern.de,Mehr als 600 Tote in Sri Lanka durch Erdrutsche und Überschwemmungen,"Nach den Überschwemmungen und Erdrutschen in Sri Lanka ist die Zahl der Todesopfer auf 607 gestiegen. 214 Menschen würden immer noch vermisst und die Aussicht schwinde, sie noch lebend zu finden, teilte die Katastrophenschutzbehörde des asiatischen Landes am …",https://image.stern.de/36933078/t/0-/v1/w1440/r1.7778/-/05--neue-regenfaelle-behindern-aufraeumarbeiten-in-sri-lanka---c63c75833a1e198b.jpg,2025-12-05T13:58:09Z,,"Kopiere den aktuellen Link
Zur Merkliste hinzufügen
Nach den Überschwemmungen und Erdrutschen in Sri Lanka ist die Zahl der Todesopfer auf 607 gestiegen. 214 Menschen würden immer noch vermisst und… [+2096 chars]",,de,'Sri Lanka'
https://www.dw.com/de/fussball-wettskandal-in-tuerkei-spieler-festgenommen/a-75035980,https://www.dw.com/de/fussball-wettskandal-in-tuerkei-spieler-festgenommen/a-75035980,0,www.dw.com,Fußball-Wettskandal in Türkei: Spieler festgenommen,"Die Strafverfolgungsbehörden in der Türkei gehen weiter gegen Verdächtige im Fußball-Wettskandal vor. Betroffen sind auch Spieler aus Istanbul, darunter ein Nationalspieler.",https://static.dw.com/image/75036751_6.jpg,2025-12-05T14:11:00Z,,"Nach Angaben der Staatsanwaltschaft in Istanbul wurde die Festnahme von 46 Verdächtigen im türkischenFußball-Wettskandal angeordnet. Darunter seien 27 Fußballer, denen vorgeworfen werde, auf Spiele i… [+1080 chars]",,de,'Istanbul'
https://www.zeit.de/2025/52/fleischkonsum-asien-huehnchen-kfc-gefluegel-klimawandel,https://www.zeit.de/2025/52/fleischkonsum-asien-huehnchen-kfc-gefluegel-klimawandel,0,www.zeit.de,Fleischkonsum in Asien: Wie Kentucky Fried Chicken das Klima in Asien verbessert,"Auch die Popkultur trägt dazu bei, dass eine Ernährungswende in Shanghai, Seoul und Jakarta die Klimabilanz der Region aufhübscht.",https://img.zeit.de/2025/52/womit-keiner-rechnet-bild-2/wide__1300x731,2025-12-05T15:01:46Z,,"Der Kampf gegen den Klimawandel hat gerade neue Unterstützung erhalten: von Fast-Food-Ketten, die in asiatischen Großstädten frittierte Hähnchen verkaufen. 
In Shanghai und Manila, Seoul und Jakarta… [+808 chars]",,de,'Jakarta'
https://www.bild.de/leben-wissen/reisen/strassenranking-2025-von-time-out-berlin-in-den-top-10-69282590bf07554e4577c926,https://www.bild.de/leben-wissen/reisen/strassenranking-2025-von-time-out-berlin-in-den-top-10-69282590bf07554e4577c926,0,www.bild.de,Aktuelles Ranking - Eine der hippsten Straßen der Welt liegt in Deutschland,„Time Out“ kürt die angesagtesten Straßen weltweit. Welche Stadt auf Platz 1 liegt - und wo Deutschland landet.,"https://images.bild.de/69282590bf07554e4577c926/82c77d4ff0a4f374307a71abd09afcf4,b0252fa4?w=1280",2025-12-05T15:37:49Z,,"TTS-Player überspringenArtikel weiterlesenJedes Jahr sucht das Magazin Time Out die coolsten Straßen der Welt jetzt steht fest, welche Orte 2025 ganz vorn liegen. Der Sieg geht nach Rio de Janeiro, d… [+5222 chars]",,de,'Deutschland'
https://www.faz.net/aktuell/wirtschaft/in-sri-lanka-sind-die-touristen-zurueck-der-stolz-nicht-110791770.html,https://www.faz.net/aktuell/wirtschaft/in-sri-lanka-sind-die-touristen-zurueck-der-stolz-nicht-110791770.html,0,www.faz.net,Staatsschulden: In Sri Lanka sind die Touristen zurück – der Stolz nicht,Die Insel vor Indien war mal ein freundliches Urlaubsparadies. Dann ging der Staat bankrott. Drei Jahre später gibt es wieder Strom und Benzin. Doch auf einmal sind auch ganz neue Ressentiments.,https://media0.faz.net/image/w1200h627/1eb20947e0ad/w3000h1567x0y341o/112025/1.10791767/arugam-bay-an-sri-lankas.webp,2025-12-05T16:14:09Z,,"Frühmorgens wird klar, warum das Spice Trail in Arugam Bay jede Woche ausgebucht ist. Vor dem Boutiquehotel erstreckt sich ein Strand mit Palmen und Fischerbooten wie aus dem Bilderbuch. Doch das Wun… [+11275 chars]",,de,'Sri Lanka'
https://www.freitag.de/autoren/der-freitag/harald-kujat-mit-diesen-4-kompromissen-koennte-der-ukrainekrieg-beendet-werden,https://www.freitag.de/autoren/der-freitag/harald-kujat-mit-diesen-4-kompromissen-koennte-der-ukrainekrieg-beendet-werden,0,www.freitag.de,Siegt die Diplomatie? Mit diesen vier Kompromissen könnte der Ukrainekrieg beendet werden,Wie nah steht Europa vor einer diplomatischen Wende – und welche Zugeständnisse könnten den entscheidenden Durchbruch bringen? Von NATO-Truppen bis Gebietsaufgabe: Hier zeichnet der Militärexperte Harald Kujat einen Fahrplan zum Frieden Seit fast vier Jahren …,https://www.freitag.de/autoren/der-freitag/harald-kujat-mit-diesen-4-kompromissen-koennte-der-ukrainekrieg-beendet-werden/@@images/image/great,2025-12-05T16:52:00Z,,"Seit fast vier Jahren wird in Europa Krieg geführt, ohne dass die Europäer sich ernsthaft um eine friedliche Beilegung bemüht hätten. Erst seit US-Präsident Donald Trump sein 28-Punkte-Memorandum mit… [+8861 chars]",,de,'Europa'
https://www.faz.net/aktuell/wirtschaft/indien-koennte-klimaziel-torpedieren-110798547.html,https://www.faz.net/aktuell/wirtschaft/indien-koennte-klimaziel-torpedieren-110798547.html,0,www.faz.net,Kohlekraft in Indien: Indien könnte Klimaziel torpedieren,"Einem Bericht zufolge soll Indien erwägen, zwölf Jahre länger Kohlekraftwerke zu bauen als geplant. Klimaforscher sind entsetzt.",https://media0.faz.net/image/w1200h627/14887929e9e3/w3000h1567x0y216o/082025/1.10798544/kohleverladung-in-indien-das.webp,2025-12-05T19:25:40Z,http://web.archive.org/web/20251210022940/https://www.faz.net/aktuell/wirtschaft/indien-koennte-klimaziel-torpedieren-110798547.html,"Die indische Regierung erwägt laut einem Bericht, anders als bisher geplant mindestens bis zum Jahr 2047 neue Kohlekraftwerke zu bauen. Das berichtet die Nachrichtenagentur Bloomberg unter Verweis au… [+4246 chars]",,de,'Indien'
https://www.bild.de/leben-wissen/lifestyle/es-liegt-liebe-in-der-luft-hier-wird-gleich-51-mal-geheiratet-6931bda011f914c89b853157,https://www.bild.de/leben-wissen/lifestyle/es-liegt-liebe-in-der-luft-hier-wird-gleich-51-mal-geheiratet-6931bda011f914c89b853157,0,www.bild.de,Es liegt Liebe in der Luft - Hier wird gleich 51 Mal geheiratet,In Jakarta ist es zu einer ganz besonderen Trauung gekommen: Gleich 51 Paare auf einmal haben sich das Ja-Wort gegeben.,"https://images.bild.de/6931bda011f914c89b853157/983e916302e0ced4ce2856a2c0e29f50,2d006ca4?w=1280",2025-12-05T21:31:38Z,,"Mehr zum Video anzeigen 
In Jakarta ist es zu einer ganz besonderen Trauung gekommen: Gleich 51 Paare auf einmal haben sich das Ja-Wort gegeben.
Quelle: AP05.12.2025 - 22:31 Uhr",,de,'Jakarta'
https://www.zeit.de/news/2025-12/06/batmans-motorrad-und-tolkiens-schreibtisch-versteigert,https://www.zeit.de/news/2025-12/06/batmans-motorrad-und-tolkiens-schreibtisch-versteigert,0,www.zeit.de,Besondere Auktion in London: Batmans Motorrad und Tolkiens Schreibtisch versteigert,Hier finden Sie Informationen zu dem Thema „Besondere Auktion in London“. Lesen Sie jetzt „Batmans Motorrad und Tolkiens Schreibtisch versteigert“.,https://img.zeit.de/news/2025-12/06/batmans-motorrad-und-tolkiens-schreibtisch-versteigert-image-group/wide__1300x731,2025-12-05T23:10:08Z,,Bei einer Auktion in London kommen ikonische Objekte aus Wissenschaft und Popkultur unter den Hammer. «Groundbreakers: Icons of Our Time» (Wegbereiter: Ikonen unserer Zeit) lautet der Titel der Verst… [+3269 chars],,de,'London'
https://www.bild.de/leben-wissen/reisen/so-schoen-ist-das-am-wenigsten-besuchte-land-in-europa-68b1b869adc6ba5d53cb0fb1,https://www.bild.de/leben-wissen/reisen/so-schoen-ist-das-am-wenigsten-besuchte-land-in-europa-68b1b869adc6ba5d53cb0fb1,0,www.bild.de,Kaum Touristen - Das am wenigsten besuchte Land Europas,"Zwischen Österreich und Schweiz: Liechtenstein bietet beeindruckende Berglandschaften und Ruhe, aber kaum Touristen finden den Weg. Warum das so ist, hier.","https://images.bild.de/68b1b869adc6ba5d53cb0fb1/12bbe4c482920125b1cf9eaa222883e9,27ccc07f?w=1280",2025-12-06T03:59:52Z,,"TTS-Player überspringenArtikel weiterlesenSki fahren im Winter, wandern im Frühling, Wein trinken im Herbst und im Sommer der Hitze entfliehen. Und doch gilt es als das am wenigsten besuchte Land Eur… [+2474 chars]",,de,'Schweiz'
https://www.autobild.de/artikel/porsche-cayenne-958-gebrauchtwagen-test-28446553.html,https://www.autobild.de/artikel/porsche-cayenne-958-gebrauchtwagen-test-28446553.html,0,www.autobild.de,Der gebrauchte Cayenne kommt mit Nebenwirkungen,"Die zweite Generation des Porsche Cayenne vereinte von 2010 bis 2017 Performance, Luxus und Nutzwert. Was taugt das Nobel-SUV als Gebrauchter?",https://i.auto-bild.de/ir_img/4/0/2/1/2/4/3/Porsche-Cayenne-2--Generation--958--2869-3642x2051-9fe42ccf632df5bc.jpg?impolicy=og_images,2025-12-06T05:00:00Z,,Wie viel ist mein Auto wert? Kostenlose Autobewertung,,de,'Cayenne'
https://www.stern.de/news/warnung-vor-todesopfern-durch-hunger-nach-verheerender-flutkatastrophe-in-indonesien-36934572.html,https://www.stern.de/news/warnung-vor-todesopfern-durch-hunger-nach-verheerender-flutkatastrophe-in-indonesien-36934572.html,0,www.stern.de,Warnung vor Todesopfern durch Hunger nach verheerender Flutkatastrophe in Indonesien,"Nach den verheerenden Überflutungen auf der indonesischen Insel Sumatra mit mehr als 880 Toten hat ein örtlicher Gouverneur vor weiteren Todesopfern durch Hunger gewarnt. ""Viele Menschen brauchen grundlegende Versorgung"", sagte der Regierungschef der besonder…",https://image.stern.de/36934574/t/mT/v1/w1440/r1.7778/-/06--flutgebiet-auf-sumatra---1b8ffcab038030fd.jpg,2025-12-06T07:43:57Z,,"Kopiere den aktuellen Link
Zur Merkliste hinzufügen
Nach den verheerenden Überflutungen auf der indonesischen Insel Sumatra mit mehr als 880 Toten hat ein örtlicher Gouverneur vor weiteren Todesopf… [+2878 chars]",,de,'Indonesien'
https://www.diepresse.com/20378248/ein-jahr-nach-assads-sturz-in-syrien-die-sache-kann-noch-schiefgehen,https://www.diepresse.com/20378248/ein-jahr-nach-assads-sturz-in-syrien-die-sache-kann-noch-schiefgehen,0,www.diepresse.com,Ein Jahr nach Assads Sturz in Syrien: „Die Sache kann noch schiefgehen“ [premium],Im neuen Syrien nach Assad herrschen Zuversicht aber auch Angst. Übergangspräsident Shaara kämpft um Vertrauen – und gegen seine radikalen Gefolgsleute.,https://img.diepresse.com/public/incoming/809ftc-TOPSHOT-SYRIA-LIFESTYLE/alternates/DPR_SOCIAL_MAGAZIN/TOPSHOT-SYRIA-LIFESTYLE,2025-12-06T09:23:23Z,,"Istanbul/Damaskus. Trotz Trümmern, Armut und Gewalt finden die Syrer auch Zeit zum Feiern. Tausende gingen schon vor dem Jahrestag der Entmachtung von Diktator Bashar al-Assad am 8. Dezember auf die … [+6536 chars]",,de,'Istanbul'
https://www.tagesspiegel.de/gesellschaft/panorama/flutkatastrophe-in-indonesien-gouverneur-warnt-vor-weiteren-todesopfern-durch-hunger-in-abgeschnittenen-gebieten-15025476.html,https://www.tagesspiegel.de/gesellschaft/panorama/flutkatastrophe-in-indonesien-gouverneur-warnt-vor-weiteren-todesopfern-durch-hunger-in-abgeschnittenen-gebieten-15025476.html,0,www.tagesspiegel.de,Flutkatastrophe in Indonesien: Gouverneur warnt vor weiteren Todesopfern durch Hunger in abgeschnittenen Gebieten,"Nach verheerenden Überflutungen auf Sumatra warnt ein Gouverneur vor Hungertoten. Viele abgelegene Gebiete sind ohne Hilfslieferungen, ganze Dörfer wurden fortgespült.",https://www.tagesspiegel.de/images/15025478/alternates/BASE_16_9_W1400/1765017005000/aftermath-of-deadly-flash-flood-in-batang-toru-south-tapanuli.jpeg,2025-12-06T10:40:48Z,,Nach den verheerenden Überflutungen auf der indonesischen Insel Sumatra mit mehr als 880 Toten hat ein örtlicher Gouverneur vor weiteren Todesopfern durch Hunger gewarnt. Viele Menschen brauchen grun… [+3417 chars],,de,'Indonesien'
https://www.tagesschau.de/ausland/europa/kronjuwelen-london-102.html,https://www.tagesschau.de/ausland/europa/kronjuwelen-london-102.html,0,www.tagesschau.de,Protest in London: Kronjuwelen mit Nachtisch attackiert,"Die britischen Kronjuwelen sind von unschätzbarem Wert - materiell und symbolisch. Dies machten sich Aktivisten zunutze, die im Tower of London eine Vitrine mit Lebensmitteln beschmierten. Vier Personen wurden festgenommen.",https://images.tagesschau.de/image/8ed34c1d-226e-46ff-aa56-fa53c3514e43/AAABmvQ4EQI/AAABmt42H9g/16x9-big/kronjuwelen-london-100.jpg?width=1280,2025-12-06T15:11:46Z,,"Stand: 06.12.2025 16:11 Uhr
Die britischen Kronjuwelen sind von unschätzbarem Wert - materiell und symbolisch. Dies machten sich Aktivisten zunutze, die im Tower of London eine Vitrine mit Lebensmit… [+1334 chars]",,de,'London'
https://www.bild.de/politik/ausland-und-internationales/porsche-in-russland-springen-hunderte-luxusautos-nicht-mehr-an-69343d9411f914c89b854f02,https://www.bild.de/politik/ausland-und-internationales/porsche-in-russland-springen-hunderte-luxusautos-nicht-mehr-an-69343d9411f914c89b854f02,0,www.bild.de,„Teurer Ziegelstein“ - Porsches in Russland springen nicht mehr an!,"Hunderte Luxus-Karossen außer Gefecht – und keiner weiß, warum! In Russland klagen Porsche-Besitzer reihenweise über defekte Alarmanlagen.","https://images.bild.de/69343d9411f914c89b854f02/467cb4766a1f3d22d62e8d4c0141eca1-landscape,f6a939d6?w=1280",2025-12-06T15:45:51Z,,"Moskau Hunderte Luxus-Karossen außer Gefecht und keiner weiß, warum! In Russland klagen Porsche-Besitzer reihenweise über defekte Alarmanlagen. Der Grund sind allem Anschein nach blockierte Bordcompu… [+2547 chars]",,de,'Cayenne'
https://www.bild.de/sport/fussball/gala-fans-feiern-ihn-tuerkischer-sane-geht-viral-6934516311f914c89b854ffb,https://www.bild.de/sport/fussball/gala-fans-feiern-ihn-tuerkischer-sane-geht-viral-6934516311f914c89b854ffb,0,www.bild.de,Gala-Fans feiern ihn! - Türkischer Sané geht viral,Dieser Fan geht in Istanbul als Sané-Double viral.,"https://images.bild.de/6934516311f914c89b854ffb/0caf21bc2169c3dca4999f9826efbe78-landscape,4d07d13a?w=1280",2025-12-06T16:32:01Z,,"+++Kürzel BSW bleibt: Wagenknecht-Partei benennt sich um
+++Kürzel BSW bleibt: Wagenknecht-Partei benennt sich um
+++Kürzel BSW bleibt: Wagenknecht-Partei benennt sich um
+++Kürzel BSW bleibt: Wag… [+378 chars]",,de,'Istanbul'
https://www.faz.net/aktuell/politik/ukraine/ukraine-liveticker-treffen-von-selenskyj-merz-starmer-und-macron-fuer-montag-geplant-faz-110683325.html,https://www.faz.net/aktuell/politik/ukraine/ukraine-liveticker-treffen-von-selenskyj-merz-starmer-und-macron-fuer-montag-geplant-faz-110683325.html,0,www.faz.net,"Krieg in der Ukraine: Treffen von Selenskyj, Merz, Starmer und Macron für Montag geplant",Gespräch soll in London stattfinden +++ Putin sichert Indien ununterbrochene Energielieferungen zu +++ Kadyrow droht Ukraine nach Drohnenangriff mit Vergeltung +++ alle Neuigkeiten im Liveblog,https://media0.faz.net/image/w1200h627/495793cc7845/w3000h1567x0y60o/202507/43601.0.1144806097/starmer-selenskyj-macron-merz.webp,2025-12-06T16:55:47Z,,"Frankreichs Präsident Emmanuel Macron kündigt für Montag ein Treffen in London mit dem ukrainischen Präsidenten Wolodymyr Selenskyj, Bundeskanzler Friedrich Merz und dem britischen Premierminister Ke… [+469 chars]",,de,'Ukraine'
https://www.tagesschau.de/ausland/merz-macron-selenskyj-starmer-london-100.html,https://www.tagesschau.de/ausland/merz-macron-selenskyj-starmer-london-100.html,0,www.tagesschau.de,"Ukraine-Krieg: Treffen von Merz, Macron, Starmer und Selenskyj in London","Was ist der Stand bei den Ukraine-Gesprächen, bei denen die USA vermitteln? Darüber wollen Anfang kommender Woche die Staats- und Regierungschefs aus Deutschland, Frankreich, Großbritannien und der Ukraine beraten. Sie treffen sich in London.",https://images.tagesschau.de/image/af97c920-cbdb-419c-bfcc-0133431188b6/AAABmvTV_OQ/AAABmt42H9g/16x9-big/merz-macron-selenskyj-100.jpg?width=1280,2025-12-06T19:10:20Z,http://web.archive.org/web/20251208054117/https://www.tagesschau.de/ausland/merz-macron-selenskyj-starmer-london-100.html,"Stand: 06.12.2025 20:10 Uhr
Was ist der Stand bei den Ukraine-Gesprächen, bei denen die USA vermitteln? Darüber wollen Anfang kommender Woche die Staats- und Regierungschefs aus Deutschland, Frankre… [+1270 chars]",,de,'London'
https://www.dw.com/de/zweiter-versuch-au%C3%9Fenminster-wadephul-reist-nach-china/a-74989417,https://www.dw.com/de/zweiter-versuch-au%C3%9Fenminster-wadephul-reist-nach-china/a-74989417,0,www.dw.com,Zweiter Versuch: Außenminster Wadephul reist nach China,Ende Oktober sagte der deutsche Chefdiplomat eine Reise in die Volksrepublik im letzten Moment ab. Jetzt will Wadephul in Peking den Antrittsbesuch von Bundeskanzler Merz im Frühjahr vorbereiten.,https://static.dw.com/image/74240332_6.jpg,2025-12-07T07:16:00Z,,Jetzt also doch: Von diesem Sonntag bis zum Mittwoch kommender Woche reist Bundesaußenminister Johann Wadephul nach China. Zu besprechen gibt es mit der chinesischen Regierung so einiges. Vor allem a… [+4899 chars],,de,'Indonesien'
https://www.focus.de/panorama/katja-wandert-zum-zweiten-mal-aus-deutschland-fuehlte-sich-nur-nach-erschoepfung-an_618a09b0-4f01-4281-b601-6bacc0a65a8f.html,https://www.focus.de/panorama/katja-wandert-zum-zweiten-mal-aus-deutschland-fuehlte-sich-nur-nach-erschoepfung-an_618a09b0-4f01-4281-b601-6bacc0a65a8f.html,0,www.focus.de,"Katja wandert zum zweiten Mal aus: ""Deutschland fühlte sich nur nach Erschöpfung an""","„Deutschland fühlte sich für mich nur noch nach Erschöpfung an"": Es sind bittere Worte einer Auswanderin, die mit den Verhältnissen in Deutschland abrechnet.",https://quadro.burda-forward.de/ctf/1f72c2cf-80d3-4ccc-b349-84168ae46f18.9295c81a-8092-499d-b597-bccc1c98f28d.jpg?im=RegionOfInterestCrop%3D%281200%2C630%29%2CregionOfInterest%3D%282833%2C2311%29&hash=40a9494e439555395376423841a6fd32788c3147bfadcbf321f851a3b6270534,2025-12-07T10:07:23Z,,"<ul><li>Im Video oben: Auswanderin Svenja zieht Fazit: Was ich an Deutschland vermisse und was nicht</li></ul>Eine Auswanderin, die in den vergangenen Jahren mehrfach ihren Wohnsitz zwischen Deutschl… [+3161 chars]",,de,'Deutschland'
https://www.focus.de/politik/deutschland/auswanderin-ueber-deutschland-was-fuer-ein-system-wo-sich-arbeiten-nicht-lohnt_618a09b0-4f01-4281-b601-6bacc0a65a8f.html,https://www.focus.de/politik/deutschland/auswanderin-ueber-deutschland-was-fuer-ein-system-wo-sich-arbeiten-nicht-lohnt_618a09b0-4f01-4281-b601-6bacc0a65a8f.html,0,www.focus.de,"Auswanderin über Deutschland: ""Was für ein System, wo sich arbeiten nicht lohnt?""","„Deutschland fühlte sich für mich nur noch nach Erschöpfung an"": Es sind bittere Worte einer Auswanderin, die mit den Verhältnissen in Deutschland abrechnet.",https://quadro.burda-forward.de/ctf/1f72c2cf-80d3-4ccc-b349-84168ae46f18.9295c81a-8092-499d-b597-bccc1c98f28d.jpg?im=RegionOfInterestCrop%3D%281200%2C630%29%2CregionOfInterest%3D%282833%2C2311%29&hash=40a9494e439555395376423841a6fd32788c3147bfadcbf321f851a3b6270534,2025-12-07T10:07:23Z,,"Eine Auswanderin, die in den vergangenen Jahren mehrfach ihren Wohnsitz zwischen Deutschland und Singapur wechselte, macht ihrem Frust über die deutschen Verhältnisse Luft. Katja Flann, aufgewachsen … [+3049 chars]",,de,'Deutschland'
https://www.zeit.de/2025/52/william-turner-john-constable-tate-britain-ausstellung-london,https://www.zeit.de/2025/52/william-turner-john-constable-tate-britain-ausstellung-london,0,www.zeit.de,William Turner und John Constable: Zwei wie Feuer und Wasser,Und einander doch so nah: Die Maler William Turner und John Constable waren ewige Konkurrenten. Nun zeigt die Tate Britain in London die Werke dieser modernen Giganten.,https://img.zeit.de/2025/52/zwei-wie-feuer-und-wasser-bild-2/wide__1300x731,2025-12-07T11:34:21Z,,"Nichts öder als ein blauer Himmel und immer nur Sonne. Für William Turner, Liebhaber des Wechselwetters, musste Regen nicht fallen, er musste trommeln, gepeitscht von wilden Böen, die vom Horizont he… [+427 chars]",,de,'London'
https://www.morgenpost.de/politik/article410644100/300-km-reichweite-griechische-raketen-provozieren-tuerkei.html,https://www.morgenpost.de/politik/article410644100/300-km-reichweite-griechische-raketen-provozieren-tuerkei.html,0,www.morgenpost.de,300 km Reichweite: Griechische Raketen provozieren Türkei,Der griechische Verteidigungsminister will Luftabwehrsysteme auf den Ägäisinseln installieren. Ankara warnt vor neuen Spannungen.,https://img.sparknews.funkemedien.de/410645470/410645470_1765111064_v16_9_1600.jpeg,2025-12-07T12:37:44Z,,"Für Griechenlands Verteidigungsminister Nikos Dendias steht fest: Die primäre Bedrohung für sein Land sei der Nachbar und Nato-Partner Türkei. Um einem möglichen Angriff vorzubeugen, will Dendias Rak… [+3556 chars]",,de,'Istanbul'
https://www.diepresse.com/20368227/die-richter-sind-die-auftragskiller-des-regimes-ex-guerillera-ueber-das,https://www.diepresse.com/20368227/die-richter-sind-die-auftragskiller-des-regimes-ex-guerillera-ueber-das,0,www.diepresse.com,„Die Richter sind die Auftragskiller des Regimes“: Ex-Guerillera über das heutige Nicaragua [premium],"Was bleibt von einer Revolution, wenn ihre Anführer zu Diktatoren werden? Dora María Téllez, einst Ikone der sandinistischen Revolution, heute Staatsfeindin im Exil, blickt auf die Zeit im Untergrund zurück – und auf das, was aus ihrem Land geworden ist.",https://img.diepresse.com/public/incoming/cop22-Dora-Mar%C3%ADa-Tellez/alternates/DPR_SOCIAL_MAGAZIN/Dora%20Mar%C3%ADa%20Tellez,2025-12-07T13:27:58Z,,Auf den alten Schwarz-Weiß-Fotos hält sie eine Kalaschnikow in der Hand und trägt den Kampfnamen Comandante Dos. Kommandantin Zwei. Auf aktuellen Bildern steht Dora María Téllez in einem Hörsaal an e… [+7266 chars],,de,'Managua'
https://www.tagesschau.de/ausland/europa/selenskyj-london-106.html,https://www.tagesschau.de/ausland/europa/selenskyj-london-106.html,0,www.tagesschau.de,"Selenskyj trifft Merz, Macron und Starmer in London","Wie ist der Stand in Sachen US-Plan für die Ukraine? Darüber berät Präsident Selenskyj heute in London mit europäischen Verbündeten. Gespräche mit US-Vertreten in den vergangenen Tagen nannte er konstruktiv, aber nicht einfach.",https://images.tagesschau.de/image/60d25946-b97d-4646-9376-1f0e0ed9f089/AAABmvvEXtQ/AAABmt42H9g/16x9-big/selenskyj-994.jpg?width=1280,2025-12-08T02:22:22Z,,"Stand: 08.12.2025 03:22 Uhr
Wie ist der Stand in Sachen US-Plan für die Ukraine? Darüber berät Präsident Selenskyj heute in London mit europäischen Verbündeten. Gespräche mit US-Vertreten in den ver… [+3182 chars]",,de,'London'
https://www.focus.de/immobilien/wohnen/nepal-china-kolumbien-das-sind-2026-die-zehn-besten-orte-fuer-einen-goldenen-lebensabend_9dd21a1a-2712-4a14-ab74-b352bd29bb24.html,https://www.focus.de/immobilien/wohnen/nepal-china-kolumbien-das-sind-2026-die-zehn-besten-orte-fuer-einen-goldenen-lebensabend_9dd21a1a-2712-4a14-ab74-b352bd29bb24.html,0,www.focus.de,"Nepal, China, Kolumbien: Das sind 2026 die zehn besten Orte für einen goldenen Lebensabend","Wenn es kalt und regnerisch in Deutschland wird, suchen viele gerne nach Alternativen. Warum nicht den Ruhestand statt auf dem deutschen Land in der weiten Welt verbringen? Wir haben 889 Städte analysiert. Hier sind die Top Ten für Ihren Lebensabend.",https://quadro.burda-forward.de/ctf/85829e7f-0a75-437a-a962-ea9f3b9e9d2a.d3ed08c1-917e-4f24-865b-c2b1ed4fd595.jpeg?im=RegionOfInterestCrop%3D%281200%2C630%29%2CregionOfInterest%3D%281666%2C945%29&hash=5a01431c1236ae93b0f7eb8de16c4847aab35b7cad982d2c745a30867a206902,2025-12-08T03:39:55Z,,"245.000 deutsche Rentner lebten im vergangenen Jahr bereits im Ausland. Das waren 3,4 Prozent mehr als noch ein Jahr zuvor. Wenn das für Sie auch verlockend klingt, bleibt nur die Frage, wohin Sie ge… [+11462 chars]",,de,'Kolumbien'
https://www.faz.net/podcasts/f-a-z-podcast-fruehdenker/selenskyj-wird-in-london-erwartet-faz-fruehdenker-accg-200334677.html,https://www.faz.net/podcasts/f-a-z-podcast-fruehdenker/selenskyj-wird-in-london-erwartet-faz-fruehdenker-accg-200334677.html,0,www.faz.net,F.A.Z. Frühdenker: Selenskyj wird in London erwartet,"Selenskyj berät sich mit den europäischen Verbündeten, Creditreform nennt die Zahl der Firmen, die dieses Jahr pleitegingen, und Jodeln könnte Kulturerbe werden. Der F.A.Z.-Newsletter.",https://media0.faz.net/image/w1200h627/066f99b47223/w3000h1567x0y373o/202510/43601.0.1401141631/der-ukrainische-praesident.webp,2025-12-08T05:31:41Z,,"Selenskyj berät sich mit den europäischen Verbündeten, Creditreform nennt die Zahl der Firmen, die dieses Jahr pleitegingen, und Jodeln könnte Kulturerbe werden. Der F.A.Z.-Newsletter.",,de,'London'
https://www.faz.net/aktuell/politik/ukraine/ukraine-liveticker-trump-nicht-sicher-ob-selenskyj-friedensplan-gutheisst-faz-110683325.html,https://www.faz.net/aktuell/politik/ukraine/ukraine-liveticker-trump-nicht-sicher-ob-selenskyj-friedensplan-gutheisst-faz-110683325.html,0,www.faz.net,"Krieg in der Ukraine: Trump: Nicht sicher, ob Selenskyj Friedensplan gutheißt",Der ukrainische Präsident Selenskyj wird zu Gesprächen mit den westlichen Partnern in London erwartet +++ Russland greift Versorgungsroute für ukrainische Front an +++ alle Neuigkeiten im Liveblog,https://media0.faz.net/image/w1200h627/7671fbf2e6a2/w3000h1567x0y216o/202512/43601.0.1557837771/us-praesident-donald-trump.webp,2025-12-08T05:38:33Z,http://web.archive.org/web/20251208081601/https://www.faz.net/aktuell/politik/ukraine/ukraine-liveticker-trump-nicht-sicher-ob-selenskyj-friedensplan-gutheisst-faz-110683325.html,"Deutschland sollte der Ukraine nach Worten der ukrainischen Friedensnobelpreisträgerin Olexandra Matwijtschuk nach langem Zögern den Marschflugkörper Taurus liefern. Wir leben in Zeiten, die uns alle… [+802 chars]",,de,'London'
https://www.stern.de/news/-es-fehlt-an-allem---grosse-not-in-hochwassergebieten-in-indonesien-36938644.html,https://www.stern.de/news/-es-fehlt-an-allem---grosse-not-in-hochwassergebieten-in-indonesien-36938644.html,0,www.stern.de,"""Es fehlt an allem"": Große Not in Hochwassergebieten in Indonesien","Nach den verheerenden Überflutungen auf der indonesischen Insel Sumatra mit mehr als 900 Toten herrscht im Katastrophengebiet ein Mangel an Lebensmitteln, Medikamenten, Notunterkünften und Ärzten. ""Es fehlt an allem, vor allem an medizinischem Personal"", sagt…",https://image.stern.de/36938646/t/bp/v1/w1440/r1.7778/-/08--schaeden-durch-erdrutsch-in-der-provinz-westjava---3c4780a239365acf.jpg,2025-12-08T07:39:38Z,,"Kopiere den aktuellen Link
Zur Merkliste hinzufügen
Nach den verheerenden Überflutungen auf der indonesischen Insel Sumatra mit mehr als 900 Toten herrscht im Katastrophengebiet ein Mangel an Leben… [+2057 chars]",,de,'Indonesien'
https://www.stern.de/panorama/monsun-saison--regenfluten-in-indonesien---fast-1-000-tote-auf-sumatra-36939208.html,https://www.stern.de/panorama/monsun-saison--regenfluten-in-indonesien---fast-1-000-tote-auf-sumatra-36939208.html,0,www.stern.de,Monsun-Saison: Regenfluten in Indonesien - fast 1.000 Tote auf Sumatra,"Die Hochphase der Regenzeit beginnt gerade erst, doch jetzt schon steigt die Zahl der Toten und Vertriebenen auf Sumatra immer weiter. Und für die kommenden Tage werden neue Regenfälle erwartet.",https://image.stern.de/36939210/t/6r/v1/w1440/r1.7778/-/08--3zxpetgsvfv9axs2048jpeg---cde336ad07c7bc1c.jpg,2025-12-08T10:05:15Z,,"Kopiere den aktuellen Link
Zur Merkliste hinzufügen
Die Hochphase der Regenzeit beginnt gerade erst, doch jetzt schon steigt die Zahl der Toten und Vertriebenen auf Sumatra immer weiter. Und für di… [+1842 chars]",,de,'Indonesien'
https://www.tagesspiegel.de/gesellschaft/panorama/monsun-saison-regenfluten-in-indonesien-fast-1000-tote-auf-sumatra-15029490.html,https://www.tagesspiegel.de/gesellschaft/panorama/monsun-saison-regenfluten-in-indonesien-fast-1000-tote-auf-sumatra-15029490.html,0,www.tagesspiegel.de,Monsun-Saison: Regenfluten in Indonesien - fast 1.000 Tote auf Sumatra,"Die Hochphase der Regenzeit beginnt gerade erst, doch jetzt schon steigt die Zahl der Toten und Vertriebenen auf Sumatra immer weiter. Und für die kommenden Tage werden neue Regenfälle erwartet.",https://www.tagesspiegel.de/images/15029489/alternates/BASE_16_9_W1400/1765188378000/uberschwemmungen-in-indonesien.jpeg,2025-12-08T10:06:18Z,,Nach wochenlangen Überschwemmungen und Erdrutschen im Norden der indonesischen Insel Sumatra ist die Zahl der Toten auf fast 1.000 gestiegen. Knapp eine Million Menschen seien aus ihren Häusern vertr… [+1688 chars],,de,'Indonesien'
https://www.stern.de/news/indonesien--wegen-drogenschmuggels-zum-tode-verurteilter-niederlaender-freigelassen-36939570.html,https://www.stern.de/news/indonesien--wegen-drogenschmuggels-zum-tode-verurteilter-niederlaender-freigelassen-36939570.html,0,www.stern.de,Indonesien: Wegen Drogenschmuggels zum Tode verurteilter Niederländer freigelassen,Ein vor 17 Jahren in Indonesien wegen Drogenschmuggels zum Tode verurteilter Niederländer ist aus humanitären Gründen aus dem Gefängnis entlassen worden. Der 74-jährige Siegfried Mets habe das Gefängnis Cipinang in der Hauptstadt Jakarta verlassen und befinde…,https://image.stern.de/36939572/t/BA/v1/w1440/r1.7778/-/08--mets-r-und-tokman-in-jakarta---bd55cde1d2bee667.jpg,2025-12-08T10:59:02Z,,"Kopiere den aktuellen Link
Zur Merkliste hinzufügen
Ein vor 17 Jahren in Indonesien wegen Drogenschmuggels zum Tode verurteilter Niederländer ist aus humanitären Gründen aus dem Gefängnis entlassen… [+1473 chars]",,de,'Indonesien'
https://ooe.orf.at/stories/3332998/,https://ooe.orf.at/stories/3332998/,0,ooe.orf.at,Turkish Cargo fliegt doch weiter nach Linz,"Turkish Airlines wird den derzeit viel diskutierten Flughafen weiterhin mit Fracht anfliegen. Zuletzt hieß es, diese Flüge aus Istanbul könnten nach Wien verlagert werden. Nun ist fix, dass Turkish Cargo dem Flughafen Linz doch treu bleibt.",https://ibs.orf.at/ooe?image=https%3A%2F%2Foekastatic.orf.at%2Fmims%2F2025%2F22%2F20%2Fcrops%2Fw%3D1200%2Ch%3D627%2Cq%3D75%2F2645377_master_1016420_250430_ooeh_roh_flughafen1_c0001_00_00_41_07.jpg%3Fs%3D590e08ed595b9e7241165012edbc762e4b406551,2025-12-08T11:24:38Z,,"Damit sind die Gespräche, die Frachtflüge auf den Flughafen Wien-Schwechat zu verlegen offenbar vom Tisch.
Mitte November hieß es aus der Frachtsparte von Turkish Airlines noch, dass es entsprechend… [+682 chars]",,de,'Istanbul'
https://www.tagesschau.de/ausland/asien/fluten-indonesien-100.html,https://www.tagesschau.de/ausland/asien/fluten-indonesien-100.html,0,www.tagesschau.de,Große Not nach Überschwemmungen in Indonesien,"Fast 1.000 Tote allein auf der Insel Sumatra, Hunderttausende ohne Obdach, die Infrastruktur in Trümmern - die Folgen der Überschwemmungen in Indonesien sind verheerend. Und nun mangelt es an Lebensmitteln, Medikamenten und Helfern.",https://images.tagesschau.de/image/c4bc919f-9a13-4998-ae63-32add37a6a97/AAABmv3dMxw/AAABmt42H9g/16x9-big/indonesien-fluten-100.jpg?width=1280,2025-12-08T12:30:18Z,,"Stand: 08.12.2025 13:30 Uhr
Fast 1.000 Tote allein auf der Insel Sumatra, Hunderttausende ohne Obdach, die Infrastruktur in Trümmern - die Folgen der Überschwemmungen in Indonesien sind verheerend. … [+2428 chars]",,de,'Indonesien'
https://www.tagesspiegel.de/gesellschaft/panorama/indonesien-macht-humanitare-grunde-geltend-wegen-drogenschmuggels-zum-tode-verurteilte-niederlander-freigelassen-15030389.html,https://www.tagesspiegel.de/gesellschaft/panorama/indonesien-macht-humanitare-grunde-geltend-wegen-drogenschmuggels-zum-tode-verurteilte-niederlander-freigelassen-15030389.html,0,www.tagesspiegel.de,Indonesien macht humanitäre Gründe geltend: Wegen Drogenschmuggels zum Tode verurteilte Niederländer freigelassen,Ein in Indonesien vor 17 Jahren wegen Drogenschmuggels zum Tode verurteilter Niederländer ist freigelassen worden. Gemeinsam mit einem 65-jährigen Landsmann sollte er abgeschoben werden.,https://www.tagesspiegel.de/images/15030473/alternates/BASE_16_9_W1400/1765199279000/topshot-indonesia-netherlands-crime-diplomacy.jpeg,2025-12-08T13:14:36Z,,Ein vor 17 Jahren in Indonesien wegen Drogenschmuggels zum Tode verurteilter Niederländer ist aus humanitären Gründen aus dem Gefängnis entlassen worden. Der 74-jährige Siegfried Mets habe das Gefäng… [+1987 chars],,de,'Indonesien'
https://www.tagesschau.de/ausland/europa/ukraine-treffen-london-100.html,https://www.tagesschau.de/ausland/europa/ukraine-treffen-london-100.html,0,www.tagesschau.de,Ukraine-Treffen in London: Europa steckt in der Zwickmühle,"In London beraten europäische Regierungschefs über den US-Friedensplan für die Ukraine. Es geht auch um die Frage: Wie lässt sich das Land weiter unterstützen, ohne die Amerikaner zu verprellen? Von Gabi Biesinger.",https://images.tagesschau.de/image/1a758cbd-f5e4-4814-a1f2-17aa3d20df34/AAABmv7CM6w/AAABmt42H9g/16x9-big/selenskyj-starmer-merz-macron-104.jpg?width=1280,2025-12-08T17:11:46Z,,"Stand: 08.12.2025 18:11 Uhr
In London beraten europäische Regierungschefs über den US-Friedensplan für die Ukraine. Es geht auch um die Frage: Wie lässt sich das Land weiter unterstützen, ohne die A… [+4430 chars]",,de,'London'
https://www.sueddeutsche.de/politik/erdogan-orban-istanbul-ungarn-tuerkei-li.3350822,https://www.sueddeutsche.de/politik/erdogan-orban-istanbul-ungarn-tuerkei-li.3350822,0,www.sueddeutsche.de,Orbán in Istanbul: Besties am Bosporus,"Der türkische Präsident Erdoğan erfreut sich großer Beliebtheit. Nicht in seinem Land, aber auf der Weltbühne. Am Montag bekam er Besuch vom ungarischen Premier Orbán. Der dankte dem Gastgeber für nichts weniger als die Rettung Europas.",https://www.sueddeutsche.de/2025/12/08/58634718-285f-41c0-a7b7-8ab167b3cd5b.jpg?q=60&fm=webp&width=1200&rect=0%2C292%2C3500%2C1969,2025-12-08T18:27:28Z,,"Erdoan, der Freund. Das war früher nicht immer seine Rolle auf der Weltbühne. Inzwischen bezeichnen ihn sowohl Wolodomir Selenskij als auch Wladimir Putin als einen solchen. Zwei, die sonst nicht vie… [+4071 chars]",,de,'Istanbul'
https://www.stern.de/news/witwe-von-ermordetem-khashoggi-fordert-ermittlungen-wegen-handy-hackings-36941438.html,https://www.stern.de/news/witwe-von-ermordetem-khashoggi-fordert-ermittlungen-wegen-handy-hackings-36941438.html,0,www.stern.de,Witwe von ermordetem Khashoggi fordert Ermittlungen wegen Handy-Hackings,"Die Witwe des vor sieben Jahren im saudiarabischen Konsulat in Istanbul ermordeten regierungskritischen Journalisten Jamal Khashoggi wirft Saudi-Arabien vor, ihre Handys ausspioniert zu haben, und hat in Frankreich Klage eingereicht. Sie gehe davon aus, dass …",https://image.stern.de/36941440/t/TV/v1/w1440/r1.7778/-/08--hanan-elatr-khashoggi---b798506c9f5a32ad.jpg,2025-12-08T19:28:42Z,,"Kopiere den aktuellen Link
Zur Merkliste hinzufügen
Die Witwe des vor sieben Jahren im saudiarabischen Konsulat in Istanbul ermordeten regierungskritischen Journalisten Jamal Khashoggi wirft Saudi-… [+1968 chars]",,de,'Saudi-Arabien'
https://www.nzz.ch/international/vom-zufluchtsort-zum-antisemitismus-juden-in-china-ld.1913234,https://www.nzz.ch/international/vom-zufluchtsort-zum-antisemitismus-juden-in-china-ld.1913234,0,www.nzz.ch,"«China ist einer der sichersten Orte der Welt für Juden», sagt ein Rabbi in Schanghai. Im Netz blüht der Antisemitismus. Wie passt das zusammen?","Auf chinesischen Social Media wimmelt es von Verschwörungstheorien über Juden. Forscher werden kritisiert, wenn sie eine Pro-Israel-Haltung vertreten. Aber im Alltag spüren jüdische Expats kaum etwas davon.","https://img.nzz.ch/2025/12/08/88db59e9-498f-4c01-989b-7bbe8777bf82.jpg?width=1200&height=674&fit=bounds&quality=75&auto=webp&crop=5163,2904,x572,y774&wmark=nzz",2025-12-09T04:30:00Z,,"Auf chinesischen Social Media wimmelt es von Verschwörungstheorien über Juden. Forscher werden kritisiert, wenn sie eine Pro-Israel-Haltung vertreten. Aber im Alltag spüren jüdische Expats kaum etwas… [+8604 chars]",,de,'China'
https://www.dw.com/de/ende-der-un-sondermission-beginn-einer-neuen-%C3%A4ra-im-irak/a-75065719,https://www.dw.com/de/ende-der-un-sondermission-beginn-einer-neuen-%C3%A4ra-im-irak/a-75065719,0,www.dw.com,Ende der UN-Sondermission - Beginn einer neuen Ära im Irak?,"Ende des Jahres wird die UN-Sondermission im Irak abgeschlossen und auch die meisten US-Truppen werden abgezogen sein. Manche feiern schon die neue Souveränität, andere sagen, der internationale Druck bestehe weiter.",https://static.dw.com/image/75039584_6.jpg,2025-12-09T06:36:00Z,http://web.archive.org/web/20251209070957/https://www.dw.com/de/ende-der-un-sondermission-beginn-einer-neuen-%C3%A4ra-im-irak/a-75065719,"Nur einige Wochen noch, dann wird die Sondermission der Vereinten Nationen im Irak das Land endgültig verlassen. 22 Jahre war die UN-Unterstützungsmission für den Irak (UNAMI) im Land. Eingerichtet w… [+6801 chars]",,de,'Irak'
https://www.dw.com/de/news-kompakt-die-meisten-journalisten-starben-2025-in-gaza-honduras-thailand-kambodscha-nvidia/a-75071482,https://www.dw.com/de/news-kompakt-die-meisten-journalisten-starben-2025-in-gaza-honduras-thailand-kambodscha-nvidia/a-75071482,0,www.dw.com,Gaza war 2025 der gefährlichste Arbeitsplatz für Journalisten - News kompakt: Das Wichtigste kurz gefasst,"Reporter ohne Grenzen zählt für das vergangene Jahr weltweit 67 getötete Journalisten. US-Chiphersteller Nvidia erhält grünes Licht, erneut leistungsstärkere KI-Chips nach China zu exportieren. Das Wichtigste in Kürze. Weltweit sind in den vergangenen zwölf M…",https://static.dw.com/image/74063791_6.jpg,2025-12-09T08:01:00Z,,"Weltweit sind in den vergangenen zwölf Monaten nach Angaben der Organisation Reporter ohne Grenzen 67 Journalisten getötet worden. 29 von ihnen kamen im Gazastreifen ums Leben, wie aus der Jahresbila… [+5687 chars]",,de,'China'
https://www.focus.de/reisen/karibisches-traumreiseziel-erlebt-tourismus-boom-lebendige-musikszene-traumhaften-straende-und-reiche-kultur_0542bab6-053a-40ec-9a24-7d5aa96e8d91.html,https://www.focus.de/reisen/karibisches-traumreiseziel-erlebt-tourismus-boom-lebendige-musikszene-traumhaften-straende-und-reiche-kultur_0542bab6-053a-40ec-9a24-7d5aa96e8d91.html,0,www.focus.de,"Karibisches Traumreiseziel erlebt Tourismus-Boom: Lebendige Musikszene, traumhaften Strände und reiche Kultur","Jamaika erlebt einen überraschenden Tourismus-Boom. Neue Daten zeigen, warum gerade die Musik- und Strandinsel stärker profitiert als viele andere Karibikziele.",https://quadro.burda-forward.de/ctf/d286bc75-64f7-451a-a067-f2fbe356dd92.c4a7e319-b60e-4095-8160-7bc828d3d174.jpg?im=RegionOfInterestCrop%3D%281200%2C630%29%2CregionOfInterest%3D%28978%2C676%29&hash=7cbf3c080ded436e844d3dfa94e493680b91120a19589d5dd75a92576f804b99,2025-12-09T08:40:57Z,,"Jamaika gehört in diesem Jahr zu den stärksten Gewinnern des Karibik-Tourismus. Wie das internationale Reiseportal ""Travel And Tour World"" berichtet, steigt die Insel trotz nur leicht wachsender Besu… [+2312 chars]",,de,'Jamaika'
https://www.focus.de/reisen/karibisches-reiseziel-wird-zum-trend-besucher-lieben-straende-kultur-und-musik_0542bab6-053a-40ec-9a24-7d5aa96e8d91.html,https://www.focus.de/reisen/karibisches-reiseziel-wird-zum-trend-besucher-lieben-straende-kultur-und-musik_0542bab6-053a-40ec-9a24-7d5aa96e8d91.html,0,www.focus.de,"Karibisches Reiseziel wird zum Trend: Besucher lieben Strände, Kultur und Musik","Jamaika erlebt einen überraschenden Tourismus-Boom. Neue Daten zeigen, warum gerade die Musik- und Strandinsel stärker profitiert als viele andere Karibikziele.",https://quadro.burda-forward.de/ctf/d286bc75-64f7-451a-a067-f2fbe356dd92.c4a7e319-b60e-4095-8160-7bc828d3d174.jpg?im=RegionOfInterestCrop%3D%281200%2C630%29%2CregionOfInterest%3D%28978%2C676%29&hash=7cbf3c080ded436e844d3dfa94e493680b91120a19589d5dd75a92576f804b99,2025-12-09T08:40:57Z,,"Jamaika gehört in diesem Jahr zu den stärksten Gewinnern des Karibik-Tourismus. Wie das internationale Reiseportal ""Travel And Tour World"" berichtet, steigt die Insel trotz nur leicht wachsender Besu… [+2312 chars]",,de,'Jamaika'
https://www.nzz.ch/pro/geopolitik-praegt-den-handel-china-und-andere-laender-suchen-sich-neue-maerkte-ld.1913955,https://www.nzz.ch/pro/geopolitik-praegt-den-handel-china-und-andere-laender-suchen-sich-neue-maerkte-ld.1913955,0,www.nzz.ch,DATENANALYSE - Geopolitik prägt den Handel: China und andere Länder suchen sich neue Märkte,Trotz Zollstreit erreichen Chinas weltweite Exporte einen Rekord. Allerdings mussten die chinesischen Exporteure dafür ihre Preise senken. Bei seltenen Erden zogen die Ausfuhren aus Thailand und Vietnam in die USA an.,"https://img.nzz.ch/2025/12/05/b4be9a10-10b4-48ec-9155-06b8fa130f95.jpg?width=1200&height=675&fit=bounds&quality=75&auto=webp&crop=2400,1350,x0,y228&wmark=nzz",2025-12-09T09:52:37Z,,Trotz Zollstreit erreichen Chinas weltweite Exporte einen Rekord. Allerdings mussten die chinesischen Exporteure dafür ihre Preise senken. Bei seltenen Erden zogen die Ausfuhren aus Thailand und Viet… [+6373 chars],,de,'Thailand'
https://www.stern.de/news/indonesien--mindestens-20-tote-bei-brand-in-buerogebaeude-in-jakarta-36943104.html,https://www.stern.de/news/indonesien--mindestens-20-tote-bei-brand-in-buerogebaeude-in-jakarta-36943104.html,0,www.stern.de,Indonesien: Mindestens 20 Tote bei Brand in Bürogebäude in Jakarta,"Bei einem Brand in einem Bürogebäude im Zentrum der indonesischen Hauptstadt Jakarta sind nach Polizeiangaben mindestens 20 Menschen ums Leben gekommen. Bei den Todesopfern handele es sich um 15 Frauen, darunter eine Schwangere, sowie fünf Männer, erklärte di…",https://image.stern.de/36943106/t/MG/v1/w1440/r1.7778/-/09--das-von-dem-brand-beschaedigte-gebaeude-in-jakarta---9e86532293624e3d.jpg,2025-12-09T10:10:18Z,,"Kopiere den aktuellen Link
Zur Merkliste hinzufügen
Bei einem Brand in einem Bürogebäude im Zentrum der indonesischen Hauptstadt Jakarta sind nach Polizeiangaben mindestens 20 Menschen ums Leben ge… [+567 chars]",,de,'Jakarta'
https://www.tagesspiegel.de/wirtschaft/arbeitskrafte-aus-dem-nahen-osten-neue-partnerschaft-erleichtert-immigration-15030512.html,https://www.tagesspiegel.de/wirtschaft/arbeitskrafte-aus-dem-nahen-osten-neue-partnerschaft-erleichtert-immigration-15030512.html,0,www.tagesspiegel.de,Arbeitskräfte aus dem Nahen Osten: Neue Partnerschaft erleichtert Immigration,"Ein Berliner Schulungsanbieter, ein weltweites NGO und eine Anwaltskanzlei bemühen sich im Nahen und Mittleren Osten um Softwareexperten für Deutschland.",https://www.tagesspiegel.de/images/9882683/alternates/BASE_16_9_W1400/1685076963000/392845748.jpeg,2025-12-09T10:40:03Z,,"Emma Felsenstein ist in diesen Tagen im Irak unterwegs. Auf einer Art Akquisitionsreise der Gesellschaft für internationale Zusammenarbeit (GIZ) schaut sich Felseinstein, die für die Berliner Imagine… [+5474 chars]",,de,'Deutschland'
https://www.welt.de/politik/ausland/video6937f6aa91e8695eab442856/das-interview-im-wortlaut-deutschland-war-frei-von-kriminalitaet-aber-angela-hat-zwei-grosse-fehler-gemacht-sagt-trump.html,https://www.welt.de/politik/ausland/video6937f6aa91e8695eab442856/das-interview-im-wortlaut-deutschland-war-frei-von-kriminalitaet-aber-angela-hat-zwei-grosse-fehler-gemacht-sagt-trump.html,0,www.welt.de,"„Deutschland war frei von Kriminalität, aber Angela hat zwei große Fehler gemacht“, sagt Trump","US-Präsident Donald Trump fordert Europa zu einem radikalen Umsteuern in der Migrationspolitik auf. Das sagte er in einem Interview des US-Portals „Politico“, das wie WELT zu Axel Springer gehört. Dasha Burns hat das Gespräch geführt. Sie können hier das Vide…",https://images.welt.de/6937f6aa91e8695eab442856/2362bcda4c9f7fbaa1c5d06b1348b298/ci16x9-w1200/hold-for-trump-conversation-donald-trump-287-jpg,2025-12-09T11:28:05Z,http://web.archive.org/web/20251210050735/https://www.welt.de/politik/ausland/video6937f6aa91e8695eab442856/das-interview-im-wortlaut-deutschland-war-frei-von-kriminalitaet-aber-angela-hat-zwei-grosse-fehler-gemacht-sagt-trump.html,"US-Präsident Donald Trump fordert Europa zu einem radikalen Umsteuern in der Migrationspolitik auf. Das sagte er in einem Interview des US-Portals Politico, das wie WELT zu Axel Springer gehört. Dash… [+56670 chars]",,de,'Deutschland'
https://www.stern.de/news/exporte-in-die-usa-und-nach-china-im-oktober-gesunken---insgesamt-mini-wachstum-36943704.html,https://www.stern.de/news/exporte-in-die-usa-und-nach-china-im-oktober-gesunken---insgesamt-mini-wachstum-36943704.html,0,www.stern.de,Exporte in die USA und nach China im Oktober gesunken - Insgesamt Mini-Wachstum,"Deutschlands Unternehmen haben im Oktober erneut weniger Waren in die beiden größten Volkswirtschaften der Welt geliefert, die USA und China. Unter dem Strich stand insgesamt aber ein Mini-Wachstum der Ausfuhren von 0,1 Prozent im Vormonatsvergleich, wie das …",https://image.stern.de/36943706/t/GQ/v1/w1440/r1.7778/-/09--containerschiff-im-hamburger-hafen---ed1460d24b59864f.jpg,2025-12-09T12:06:13Z,,"Kopiere den aktuellen Link
Zur Merkliste hinzufügen
Deutschlands Unternehmen haben im Oktober erneut weniger Waren in die beiden größten Volkswirtschaften der Welt geliefert, die USA und China. Unt… [+2336 chars]",,de,'China'
https://www.bild.de/sport/fussball/union-berlin-tuerkei-klub-jagt-diogo-leite-eiserne-wollen-tuerkei-spieler-693824b991e8695eab442d22,https://www.bild.de/sport/fussball/union-berlin-tuerkei-klub-jagt-diogo-leite-eiserne-wollen-tuerkei-spieler-693824b991e8695eab442d22,0,www.bild.de,Wechsel immer wahrscheinlicher - Top-Klub aus Türkei will Unions Leite. Union will Türkei-Spieler,Nach dem AC Florenz kommt aus der Türkei Interesse an Diogo Leite (25). Ein Abgang im Winter damit immer wahrscheinlich – im Sommer läuft sein Vertrag aus.,"https://images.bild.de/693824b991e8695eab442d22/0efddbf8a6c8eaa4952bea5ac8c325f6-landscape,7a0c2c06?w=1280",2025-12-09T15:08:40Z,,"Wechselt Leite in die Türkei? 
Der Abgang von Diogo Leite (25) bei Union im Winter wird immer wahrscheinlich. Für die Eisernen ist es die letzte Möglichkeit, Geld für den Verteidiger zu kassieren. I… [+1757 chars]",,de,'Türkei'
https://www.jungewelt.de/artikel/513743.indonesien-ohne-kommentar.html,https://www.jungewelt.de/artikel/513743.indonesien-ohne-kommentar.html,0,www.jungewelt.de,Indonesien: Ohne Kommentar,Nach einem heftigen Hochwasser werden in der indonesischen Provinz Aceh Elefanten zur Räumung von Schutt und Baumstämmen eingesetzt.,https://www.jungewelt.de/img/1100/216581.jpg,2025-12-09T18:41:07Z,,"Friedenspropaganda statt Kriegsspielzeug
Mit dem Winteraktionsabo bieten wir denen ein Einstiegsangebot, die genug haben von der Kriegspropaganda der Mainstreammedien und auf der Suche nach anderen … [+329 chars]",,de,'Indonesien'
https://www.faz.net/aktuell/politik/ausland/energielieferungen-orbans-schulterschluss-mit-erdoan-110800346.html,https://www.faz.net/aktuell/politik/ausland/energielieferungen-orbans-schulterschluss-mit-erdoan-110800346.html,0,www.faz.net,Besuch in Istanbul: Energielieferungen: Orbáns Schulterschluss mit Erdoğan,Ungarn will weiter russisches Gas über die Türkei beziehen – ein zweischneidiges Schwert für Erdoğan.,https://media0.faz.net/image/w1200h627/96718d14e2f8/w3919h2047x752y870o/202512/43601.0.1563197065/orb-n-am-montag-mit-erdo-an-in.webp,2025-12-09T20:46:44Z,,Ungarn geht in der EU schon lange eigene Wege. Ein solcher war auch der Türkei-Besuch von Ministerpräsident Viktor Orbán am Montagabend. Bei einer gemeinsamen Pressekonferenz mit Präsident Recep Tayy… [+4919 chars],,de,'Türkei'
https://www.nzz.ch/international/wie-aufgrund-der-raucherkultur-in-der-tuerkei-der-tabakkonsum-ungebrochen-anhaelt-ld.1913841,https://www.nzz.ch/international/wie-aufgrund-der-raucherkultur-in-der-tuerkei-der-tabakkonsum-ungebrochen-anhaelt-ld.1913841,0,www.nzz.ch,Die höhere Macht der Raucher,"Obwohl in der Türkei seit 2009 ein umfassendes Rauchverbot gilt, wird munter weitergepafft. Manch ein Gastronom beugt sich der Tabaklust und -sucht seiner Klientel. Das zeigt ein Ausflug in die Istanbuler Gastroszene.","https://img.nzz.ch/2025/12/09/f048757d-b1b1-4e42-b956-5e0de3a35ac8.jpg?width=1200&height=674&fit=bounds&quality=75&auto=webp&crop=2297,1292,x0,y16&wmark=nzz",2025-12-10T04:30:00Z,,"Obwohl in der Türkei seit 2009 ein umfassendes Rauchverbot gilt, wird munter weitergepafft. Manch ein Gastronom beugt sich der Tabaklust und -sucht seiner Klientel. Das zeigt ein Ausflug in die Istan… [+9934 chars]",,de,'Türkei'
https://www.stern.de/news/handarbeit-36948394.html,https://www.stern.de/news/handarbeit-36948394.html,0,www.stern.de,Handarbeit,In der vietnamesischen Hauptstadt Hanoi arbeiten zwei Männer mit Handwerkzeugen auf der Abrissbaustelle eines Gebäudes.,https://image.stern.de/36948396/t/Xu/v1/w1440/r1.7778/-/10--handarbeit---dea506ebfd254690.jpg,2025-12-10T13:52:48Z,http://web.archive.org/web/20251210140822/https://www.stern.de/news/handarbeit-36948394.html,"Zugang zu stern+statt 11,96 
 nur 1  
<ul><li>Alles von stern+ mit erstklassigen Inhalten von GEO und Capital</li><li>4 Wochen testen, dann 2,99  je Woche</li><li>jederzeit kündbar</li></ul>",,de,'Hanoi'
https://www.dw.com/de/vogelgrippevirus-t%C3%B6tet-millionen-v%C3%B6gel-tendenz-steigend/a-75079482,https://www.dw.com/de/vogelgrippevirus-t%C3%B6tet-millionen-v%C3%B6gel-tendenz-steigend/a-75079482,0,www.dw.com,Vogelgrippevirus tötet Millionen Vögel - Tendenz steigend,"Für Wild- und Haustiere ist das Vogelgrippevirus eine tödliche Gefahr. Für Menschen ist das Risiko bisher zwar gering. Doch das könnte sich ändern, wenn sich das Virus unkontrolliert verbreiten und mutieren kann. Die aktuelle Welle der Vogelgrippe ist mit Wuc…",https://static.dw.com/image/73290980_6.jpg,2025-12-10T13:55:00Z,,"Die aktuelle Welle der Vogelgrippe ist mit Wucht über Europa und Nordamerika hereingebrochen. Laut der Weltorganisation für Tiergesundheit (WOAH)
wurden allein im Oktober und November 2025 weltweit … [+6617 chars]",,de,'Europa'
https://www.nzz.ch/zuerich/die-eth-schaedigt-mit-solchen-veranstaltungen-ihren-ruf-das-einseitige-symposium-zu-deutschland-und-israel-sorgt-fuer-kritische-stimmen-in-zuerich-ld.1915815,https://www.nzz.ch/zuerich/die-eth-schaedigt-mit-solchen-veranstaltungen-ihren-ruf-das-einseitige-symposium-zu-deutschland-und-israel-sorgt-fuer-kritische-stimmen-in-zuerich-ld.1915815,0,www.nzz.ch,«Die ETH schädigt mit solchen Veranstaltungen ihren Ruf»: Das einseitige Symposium zu Deutschland und Israel sorgt für kritische Stimmen in Zürich,"Ein Professor wollte zuerst auf keinen Fall, dass sein Vortrag öffentlich wird. Doch jetzt wird die Aufzeichnung einsehbar.","https://img.nzz.ch/2025/12/10/442dffc3-e099-4a93-b477-7a084041a8b8.jpg?width=1200&height=674&fit=bounds&quality=75&auto=webp&crop=3284,1847,x0,y151&wmark=nzz",2025-12-11T04:10:00Z,,"Ein Professor wollte zuerst auf keinen Fall, dass sein Vortrag öffentlich wird. Doch jetzt wird die Aufzeichnung einsehbar.
Die ETH Zürich hat dem umstrittenen Podium Gastrecht gewährt.
Eine seltsa… [+7017 chars]",,de,'Schweiz'
https://www.nzz.ch/meinung/hohe-importe-stillstand-beim-stromausbau-ohne-europa-hat-die-schweiz-keine-versorgungssicherheit-ld.1915470,https://www.nzz.ch/meinung/hohe-importe-stillstand-beim-stromausbau-ohne-europa-hat-die-schweiz-keine-versorgungssicherheit-ld.1915470,0,www.nzz.ch,"KOMMENTAR - Hohe Importe, Stillstand beim Stromausbau: Ohne Europa hat die Schweiz keine Versorgungssicherheit",Der Ausfall des AKW Gösgen legt die Schwächen der Schweizer Energiepolitik offen. Auffallend passiv bleibt Bundesrat Albert Rösti.,"https://img.nzz.ch/2025/12/10/ea879802-3d89-47fa-b273-0f8774cc2d1a.jpg?width=1200&height=675&fit=bounds&quality=75&auto=webp&crop=3436,1933,x1,y0&wmark=nzz",2025-12-11T04:30:00Z,,"Der Ausfall des AKW Gösgen legt die Schwächen der Schweizer Energiepolitik offen. Auffallend passiv bleibt Bundesrat Albert Rösti.
11.12.2025, 05.30 Uhr
Seit Anfang Juni ist über dem Kühlturm des K… [+8737 chars]",,de,'Schweiz'
https://www.zeit.de/news/2025-12/11/vom-reality-tv-zur-darts-wm-deutscher-eroeffnet-in-london,https://www.zeit.de/news/2025-12/11/vom-reality-tv-zur-darts-wm-deutscher-eroeffnet-in-london,0,www.zeit.de,Darts: Vom Reality-TV zur Darts-WM: Deutscher eröffnet in London,Hier finden Sie Informationen zu dem Thema „Darts“. Lesen Sie jetzt „Vom Reality-TV zur Darts-WM: Deutscher eröffnet in London“.,https://img.zeit.de/news/2025-12/11/vom-reality-tv-zur-darts-wm-deutscher-eroeffnet-in-london-image-group/wide__1300x731,2025-12-11T04:33:04Z,,Im Frühjahr war Arno Merk noch Teil eines Reality-TV-Formats in der Dominikanischen Republik. Bei der «Darts Party» von Sport1 stellte sich Merk den vielfältigen Aufgaben im Karibik-Paradies und bele… [+1828 chars],,de,'London'
https://sport.orf.at/stories/3148848/,https://sport.orf.at/stories/3148848/,0,sport.orf.at,Gegen Belgrad zählt für Sturm nur ein Sieg,"Sturm Graz geht mit dem Rückenwind eines Derby-Sieges ins letzte Heimspiel des Jahres. Gegen Roter Stern Belgrad benötigt Österreichs Meister am Donnerstag (18.45 Uhr) einen Sieg, um eine realistische Chance auf ein Weiterkommen in der UEFA Europa League zu w…",https://ibs.orf.at/sport?image=https%3A%2F%2Fassets.orf.at%2Fmims%2F2025%2F50%2F41%2Fcrops%2Fw%3D1200%2Ch%3D630%2Cq%3D75%2F2863016_master_1105641_fus_el_vor_sturm_belgrad_training_g.jpg%3Fs%3D480446833df25eaf995390dc54f965bb7920c5cf,2025-12-11T08:00:36Z,,"Der ÖFB-Rekordtorschütze schien mit einer Adduktorenverletzung eigentlich länger auszufallen, schaffte es aber früher wieder in den Kader von Roter Stern zurück und absolvierte am Mittwoch auch den B… [+4471 chars]",,de,'Belgrad'
https://www.esa.int/Newsroom/Press_Releases/Medieneinladung_Informationsveranstaltung_im_Anschluss_an_die_342._Tagung_des_ESA-Rates,https://www.esa.int/Newsroom/Press_Releases/Medieneinladung_Informationsveranstaltung_im_Anschluss_an_die_342._Tagung_des_ESA-Rates,0,www.esa.int,Medieneinladung: Informationsveranstaltung im Anschluss an die 342. Tagung des ESA-Rates,"Press Release N° 83–2025
ESA-Generaldirektor Josef Aschbacher und ESA-Ratsvorsitzender Renato Krpoun (CH) werden Journalisten über die wichtigsten Themen informieren, die auf der ESA-Ratssitzung am 17. und 18. Dezember 2025 in Paris diskutiert wurden.",,2025-12-11T08:04:00Z,,"ESA-Generaldirektor Josef Aschbacher und ESA-Ratsvorsitzender Renato Krpoun (CH) werden Journalisten über die wichtigsten Themen informieren, die auf der ESA-Ratssitzung am 17. und 18. Dezember 2025 … [+2993 chars]",,de,'Schweiz'
https://oe3.orf.at/stories/3051279/,https://oe3.orf.at/stories/3051279/,0,oe3.orf.at,Schweizer Jodeln ist Weltkulturerbe,<ul><li>Die Unesco erkennt das Jodeln als Kulturerbe der Menschheit an.</li><li>Förderung des Nachwuchses: Die Schweiz will Jodeln stärker fördern und dokumentieren.</li><li>Jodeln verbindet Tradition mit modernen Musikstilen.</li></ul>,https://tubestatic.orf.at/static/images/site/tube/20251250/meldung_mit_foto_fullsize_12.6037131.png,2025-12-11T09:28:00Z,,<ul><li>Die Unesco erkennt das Jodeln als Kulturerbe der Menschheit an.</li><li>Förderung des Nachwuchses: Die Schweiz will Jodeln stärker fördern und dokumentieren.</li><li>Jodeln verbindet Traditio… [+3565 chars],,de,'Schweiz'
https://www.stern.de/news/vietnams-hauptstadt-hanoi-in-dichten-smog-gehuellt-36952124.html,https://www.stern.de/news/vietnams-hauptstadt-hanoi-in-dichten-smog-gehuellt-36952124.html,0,www.stern.de,Vietnams Hauptstadt Hanoi in dichten Smog gehüllt,"Nach mehr als einer Woche dichten Smogs in der vietnamesischen Hauptstadt Hanoi haben die Behörden die Bevölkerung aufgefordert, sich so wenig wie möglich nach draußen zu begeben. Schulen könnten geschlossen werden, wenn sich die Lage weiter verschlechtere, h…",https://image.stern.de/36952126/t/SC/v1/w1440/r1.7778/-/11--smog-in-hanoi---02d424ec2d371ddb.jpg,2025-12-11T11:56:27Z,,"Kopiere den aktuellen Link
Zur Merkliste hinzufügen
Nach mehr als einer Woche dichten Smogs in der vietnamesischen Hauptstadt Hanoi haben die Behörden die Bevölkerung aufgefordert, sich so wenig wi… [+1578 chars]",,de,'Hanoi'
https://www.stern.de/news/luftverschmutzung-36952402.html,https://www.stern.de/news/luftverschmutzung-36952402.html,0,www.stern.de,Luftverschmutzung,In der vietnamesischen Hauptstadt Hanoi fährt ein Mann auf einem Motorrad an einem brennenden Müllhaufen am Straßenrand vorbei.,https://image.stern.de/36952404/t/JP/v1/w1440/r1.7778/-/11--luftverschmutzung---efadffd4c0d52053.jpg,2025-12-11T12:38:12Z,,"Zugang zu stern+statt 11,96 
 nur 1  
<ul><li>Alles von stern+ mit erstklassigen Inhalten von GEO und Capital</li><li>4 Wochen testen, dann 2,99  je Woche</li><li>jederzeit kündbar</li></ul>",,de,'Hanoi'
https://www.dw.com/de/klimawandel-machte-fluten-in-indonesien-sri-lanka-schlimmer-millionen-betroffen-tote-infrastruktur/a-75107051,https://www.dw.com/de/klimawandel-machte-fluten-in-indonesien-sri-lanka-schlimmer-millionen-betroffen-tote-infrastruktur/a-75107051,0,www.dw.com,Mehr Tote durch Klimawandel bei Fluten in Südostasien,"Wärmere Ozeane und stärkere Regenfälle haben die tödlichen Überschwemmungen in Indonesien, Sri Lanka und der Region verschärft, das zeigt eine Studie zur Rolle des Klimawandels. Millionen Menschen sind betroffen.",https://static.dw.com/image/75103808_6.jpg,2025-12-11T13:19:00Z,http://web.archive.org/web/20251212203518/https://www.dw.com/de/klimawandel-machte-fluten-in-indonesien-sri-lanka-schlimmer-millionen-betroffen-tote-infrastruktur/a-75107051,"Es ist die tödlichste Naturkatastrophe seit vielen Jahren.
In den vergangen Wochen haben zwei Zyklone Sri Lanka, IndonesienThailand und Malaysia getroffen. Als Folge der extremen Regenfälle kam es z… [+3725 chars]",,de,'Indonesien'
https://www.stern.de/news/flutkatastrophe-in-indonesien--frust-ueber-schleppende-hilfsmassnahmen-waechst-36953336.html,https://www.stern.de/news/flutkatastrophe-in-indonesien--frust-ueber-schleppende-hilfsmassnahmen-waechst-36953336.html,0,www.stern.de,Flutkatastrophe in Indonesien: Frust über schleppende Hilfsmaßnahmen wächst,"Zwei Wochen nach den verheerenden Überschwemmungen in Indonesien wächst in der Bevölkerung die Frustration angesichts schleppend verlaufender Hilfsmaßnahmen. ""Nach mehr als zwei Wochen ringen wir immer noch mit denselben Themen. Wenn Sie nach Fortschritten fr…",https://image.stern.de/36953338/t/K_/v1/w1440/r1.7778/-/11--entwurzelte-baeume-wurden-an-moschee-und-internat-angespuelt---65c6ad64c13c58bd.jpg,2025-12-11T15:22:25Z,,"Kopiere den aktuellen Link
Zur Merkliste hinzufügen
Zwei Wochen nach den verheerenden Überschwemmungen in Indonesien wächst in der Bevölkerung die Frustration angesichts schleppend verlaufender Hil… [+1415 chars]",,de,'Indonesien'
https://www.zeit.de/news/2025-12/11/debuetant-merk-gewinnt-eroeffnungsspiel-bei-darts-wm,https://www.zeit.de/news/2025-12/11/debuetant-merk-gewinnt-eroeffnungsspiel-bei-darts-wm,0,www.zeit.de,Turnier in London: Debütant Merk gewinnt Eröffnungsspiel bei Darts-WM,Hier finden Sie Informationen zu dem Thema „Turnier in London“. Lesen Sie jetzt „Debütant Merk gewinnt Eröffnungsspiel bei Darts-WM“.,https://img.zeit.de/news/2025-12/11/debuetant-merk-gewinnt-eroeffnungsspiel-bei-darts-wm-image-group/wide__1300x731,2025-12-11T20:01:38Z,,Debütant Arno Merk hat das Eröffnungsspiel der Darts-WM gewonnen und steht als erster Deutscher in der zweiten Runde. Der 33 Jahre alte Niedersachse besiegte den belgischen Routinier Kim Huybrechts a… [+920 chars],,de,'London'
https://www.faz.net/aktuell/politik/ausland/zurueck-nach-syrien-warum-viele-wieder-in-die-tuerkei-wollen-accg-110801547.html,https://www.faz.net/aktuell/politik/ausland/zurueck-nach-syrien-warum-viele-wieder-in-die-tuerkei-wollen-accg-110801547.html,0,www.faz.net,Syrer aus der Türkei: Die Rückkehrer wollen Syrien schon wieder verlassen,Mehr als eine halbe Million Syrer haben die Türkei seit dem Sturz Assads verlassen. Viele bereuen ihre Entscheidung. Sie raten anderen von einer Rückkehr ab.,https://media0.faz.net/image/w1200h627/02029b8455b1/w3000h1567x0y281o/112025/1.10801542/leben-in-truemmern-ein.webp,2025-12-12T05:46:57Z,,Nur drei Monate nach dem Sturz des syrischen Diktators Baschar al-Assad ist Tambi Yahia im März von Istanbul nach Damaskus zurückgekehrt. Inzwischen bereut er das. Ich habe viel zu schnell entschiede… [+141 chars],,de,'Syrien'
https://www.faz.net/aktuell/feuilleton/kolumnen/brief-aus-istanbul/buelent-mumay-ueber-das-wort-des-jahres-in-der-tuerkei-accg-110801273.html,https://www.faz.net/aktuell/feuilleton/kolumnen/brief-aus-istanbul/buelent-mumay-ueber-das-wort-des-jahres-in-der-tuerkei-accg-110801273.html,0,www.faz.net,Brief aus Istanbul: Letzte Nachricht an die Liebsten,Das „Wort des Jahres“ steht in vielen Ländern für technische Entwicklung und gesellschaftliche Debatte. In der Türkei zeigt es eine verbreitete Angst.,https://media0.faz.net/image/w1200h627/e603d0c03d31/w4000h2090x0y477o/202509/43601.0.1303208386/der-schon-jetzt-groesste.webp,2025-12-12T11:58:44Z,,"Geht es auf das Jahresende zu, hagelt es von allen Seiten Best of-Listen. Die beliebtesten Bücher, die meist gehörten Songs des Jahres. Ebenso populär wurde in den letzten Jahren das Wort des Jahres.… [+7410 chars]",,de,'Türkei'
https://www.stern.de/news/flutkatastrophe-in-suedasien--zahl-bestaetigter-todesopfer-steigt-auf-ueber-1000-36958398.html,https://www.stern.de/news/flutkatastrophe-in-suedasien--zahl-bestaetigter-todesopfer-steigt-auf-ueber-1000-36958398.html,0,www.stern.de,Flutkatastrophe in Südasien: Zahl bestätigter Todesopfer steigt auf über 1000,"Mehr als zwei Wochen nach den verheerenden Überschwemmungen und Erdrutschen in Indonesien ist die Zahl der bestätigten Todesopfer auf über 1000 gestiegen. Weitere 218 Menschen würden derzeit noch vermisst, hieß es in der jüngsten Mitteilung der nationalen Kat…",https://image.stern.de/36958400/t/c9/v1/w1440/r1.7778/-/13--luftbild-von-flutschaeden-in-aceh-tamiang-im-norden-von-sumatra---4b99bbf492353cb6.jpg,2025-12-13T08:56:12Z,,"Kopiere den aktuellen Link
Zur Merkliste hinzufügen
Mehr als zwei Wochen nach den verheerenden Überschwemmungen und Erdrutschen in Indonesien ist die Zahl der bestätigten Todesopfer auf über 1000 g… [+559 chars]",,de,'Indonesien'
https://orf.at/stories/3414317/,https://orf.at/stories/3414317/,0,orf.at,Indonesien: Über 1.000 Todesopfer bestätigt,,https://orf.at/mojo/1_4_1/storyserver//news/common/images/og-fallback-news.png,2025-12-13T08:59:42Z,http://web.archive.org/web/20251213151834/https://orf.at/stories/3414317/,Mehr als zwei Wochen nach den verheerenden Überschwemmungen und Erdrutschen in Indonesien ist die Zahl der bestätigten Todesopfer auf über 1.000 gestiegen. Weitere 218 Menschen würden derzeit noch ve… [+492 chars],,de,'Indonesien'
https://www.diepresse.com/20402729/zahl-der-todesopfer-bei-flutkatastrophe-in-indonesien-steigt-auf-mehr,https://www.diepresse.com/20402729/zahl-der-todesopfer-bei-flutkatastrophe-in-indonesien-steigt-auf-mehr,0,www.diepresse.com,Zahl der Todesopfer bei Flutkatastrophe in Indonesien steigt auf mehr als 1000,218 Menschen werden noch vermisst.,https://img.diepresse.com/public/incoming/p91xwm-imago-images-0842685503/alternates/DPR_SOCIAL_NACHRICHTEN/imago%20images%200842685503,2025-12-13T10:24:58Z,,"218 Menschen werden noch vermisst.
Mehr als zwei Wochen nach den verheerenden Überschwemmungen und Erdrutschen in Indonesien ist die Zahl der bestätigten Todesopfer auf über 1000 gestiegen. Weitere … [+577 chars]",,de,'Sri Lanka'
https://www.zeit.de/politik/ausland/2025-12/iran-oeltanker-festnahme-crewmitglieder,https://www.zeit.de/politik/ausland/2025-12/iran-oeltanker-festnahme-crewmitglieder,0,www.zeit.de,Golf von Oman: Iran nimmt Crew-Mitglieder von beschlagnahmtem Öltanker fest,"Ein im Golf von Oman beschlagnahmter, ausländischer Tanker soll geschmuggelten Treibstoff an Bord gehabt haben. Behörden berichten von Fluchtversuchen.",https://img.zeit.de/administratives/sharing/fallback-image-die-zeit/wide__1300x731,2025-12-13T10:27:05Z,,"Die iranischen Behörden haben nach der Beschlagnahmung eines ausländischen Öltankers im Golf von Oman 18 Besatzungsmitglieder festgenommen. Unter ihnen befinde sich auch der Kapitän des Tankers, meld… [+848 chars]",,de,'Sri Lanka'
https://www.zeit.de/news/2025-12/13/makellose-deutsche-bilanz-clemens-bei-darts-wm-weiter,https://www.zeit.de/news/2025-12/13/makellose-deutsche-bilanz-clemens-bei-darts-wm-weiter,0,www.zeit.de,Turnier in London: Makellose deutsche Bilanz: Clemens bei Darts-WM weiter,Hier finden Sie Informationen zu dem Thema „Turnier in London“. Lesen Sie jetzt „Makellose deutsche Bilanz: Clemens bei Darts-WM weiter“.,https://img.zeit.de/news/2025-12/13/makellose-deutsche-bilanz-clemens-bei-darts-wm-weiter-image-group/wide__1300x731,2025-12-13T22:57:49Z,,Gabriel Clemens hat erwartungsgemäß die zweite Runde bei der Darts-WM in London erreicht. Der Saarländer besiegte den amerikanischen Außenseiter Alex Spellman am späten Abend mit 3:0 und bekommt dami… [+1591 chars],,de,'London'
https://www.diepresse.com/20404641/orf-korrespondenz-cornelia-primosch-koennte-christian-wehrschuetz,https://www.diepresse.com/20404641/orf-korrespondenz-cornelia-primosch-koennte-christian-wehrschuetz,0,www.diepresse.com,ORF-Korrespondenz: Cornelia Primosch könnte Christian Wehrschütz nachfolgen,Christian Wehrschütz geht Ende 2026 in Pension. Die derzeitige Frankreich-Korrespondentin Cornelia Primosch könnte sein Büro in Belgrad übernehmen.,https://img.diepresse.com/public/incoming/oqp95o-imago-images-196424495/alternates/DPR_SOCIAL_NACHRICHTEN/imago%20images%20196424495,2025-12-14T12:28:57Z,,"Christian Wehrschütz geht Ende 2026 in Pension. Die derzeitige Frankreich-Korrespondentin Cornelia Primosch könnte sein Büro in Belgrad übernehmen.
Im ORF steht eine große Rochade von Auslandskorres… [+859 chars]",,de,'Belgrad'
https://www.bild.de/politik/inland/ukraine-gipfel-mit-dieser-taktik-lockte-merz-die-amis-nach-berlin-693e8e6a76a2deae5ad232c9,https://www.bild.de/politik/inland/ukraine-gipfel-mit-dieser-taktik-lockte-merz-die-amis-nach-berlin-693e8e6a76a2deae5ad232c9,0,www.bild.de,Ukraine-Schicksalsgipfel - Mit dieser Taktik lockte Merz die Amis nach Berlin,"BILD erklärt, wieso jetzt alle Fäden beim Kanzler in der deutschen Hauptstadt zusammenlaufen.","https://images.bild.de/693e8e6a76a2deae5ad232c9/0adcbf57680ad28089f809d99f8635bc,3f131bae?w=1280",2025-12-14T12:33:13Z,,Berlin Wie hat der Kanzler das nur geschafft?Noch vor einem Jahr gab es zwischen den USA und Deutschland keinerlei vernünftige Gespräche schon gar nicht zur Ukraine. Es herrschte Eiszeit. Nun blickt … [+2828 chars],,de,'London'
https://www.stern.de/lifestyle/leute/prinzessin-kate--handgeschriebene-notiz-fuer-krebsopfer-36960586.html,https://www.stern.de/lifestyle/leute/prinzessin-kate--handgeschriebene-notiz-fuer-krebsopfer-36960586.html,0,www.stern.de,Prinzessin Kate: Handgeschriebene Notiz für Krebsopfer,Prinzessin Kate besuchte eine Gedenkinstallation für Krebsopfer in London und hinterließ dort eine emotionale handgeschriebene Botschaft.,https://image.stern.de/36960590/t/u2/v1/w1440/r1.7778/-/14--handgeschriebene-notiz-fuer-krebsopfer---16-9---spoton-article-1125801.jpg,2025-12-14T12:36:00Z,,"Kopiere den aktuellen Link
Zur Merkliste hinzufügen
Prinzessin Kate besuchte eine Gedenkinstallation für Krebsopfer in London und hinterließ dort eine emotionale handgeschriebene Botschaft.
Tausen… [+2444 chars]",,de,'London'
https://www.welt.de/politik/ausland/article693adba27275b2452c3ec447/widerstand-gegen-trump-so-will-der-us-kongress-einen-truppenabzug-aus-europa-verhindern.html,https://www.welt.de/politik/ausland/article693adba27275b2452c3ec447/widerstand-gegen-trump-so-will-der-us-kongress-einen-truppenabzug-aus-europa-verhindern.html,0,www.welt.de,So will der US-Kongress einen Truppenabzug aus Europa verhindern,"Die Nationale Sicherheitsstrategie der USA verunsichert Europa. Doch im Kongress arbeiten sowohl Republikaner als auch Demokraten daran, die Umsetzung der Strategie in konkrete Politik zu kontrollieren. Ein Vorgang, der auch etwas über die wahre Macht von US-…",https://images.welt.de/693adba27275b2452c3ec447/ff38f282027b1a1a84162e220bfd5999-master/ci16x9-w1200/2251774523-jpg,2025-12-14T13:21:09Z,,"Die Nationale Sicherheitsstrategie der USA verunsichert Europa. Doch im Kongress arbeiten sowohl Republikaner als auch Demokraten daran, die Umsetzung der Strategie in konkrete Politik zu kontrollier… [+4672 chars]",,de,'Europa'
https://www.bild.de/news/ausland/selenskyj-in-berlin-so-will-er-einen-faulen-ukraine-deal-verhindern-693ea2a056897b02d266bd2f,https://www.bild.de/news/ausland/selenskyj-in-berlin-so-will-er-einen-faulen-ukraine-deal-verhindern-693ea2a056897b02d266bd2f,0,www.bild.de,Ukraine-Präsident in Berlin - Selenskyj kämpft gegen einen dreckigen Deal,Herzkammer der internationalen Politik in der Woche vor Weihnachten ist Berlin. In der Hauptstadt wird über Frieden in der Ukraine verhandelt.,"https://images.bild.de/693ea2a056897b02d266bd2f/4aa9afa38e634d581f9c6b4290fb535d,424c98a?w=1280",2025-12-14T13:59:30Z,,Berlin Jetzt schlägt die große Stunde der Diplomaten und Unterhändler. Herzkammer der internationalen Politik in der Woche vor Weihnachten: Berlin! Und auf diesen Mann schaut die Welt: Ukraine-Präsid… [+4792 chars],,de,'London'
https://www.stern.de/lifestyle/leute/prinzessin-kate-besucht-spontan-gedenkstaette-fuer-krebsopfer-36960586.html,https://www.stern.de/lifestyle/leute/prinzessin-kate-besucht-spontan-gedenkstaette-fuer-krebsopfer-36960586.html,0,www.stern.de,Britisches Königshaus: Prinzessin Kate besucht spontan Gedenkstätte für Krebsopfer,Dieser Termin war offiziell nicht angekündigt: Prinzessin Kate besuchte eine Gedenkinstallation für Krebsopfer in London und hinterließ dort eine handgeschriebene Botschaft.,https://image.stern.de/36960590/t/Qd/v3/w1440/r1.7778/-/prinzessin-kate.jpg,2025-12-14T14:09:00Z,,"Kopiere den aktuellen Link
Zur Merkliste hinzufügen
Dieser Termin war offiziell nicht angekündigt: Prinzessin Kate besuchte eine Gedenkinstallation für Krebsopfer in London und hinterließ dort eine… [+9475 chars]",,de,'London'
https://www.diepresse.com/20404645/darts-opa-paul-lim-das-ally-pally-feiert-einen-71-jaehrigen,https://www.diepresse.com/20404645/darts-opa-paul-lim-das-ally-pally-feiert-einen-71-jaehrigen,0,www.diepresse.com,„Darts-Opa“ Paul Lim: Das Ally Pally feiert einen 71-Jährigen [premium],"Paul Lim ist ausgebildeter Koch, warf schon für Papua Neuguinea oder die USA die Wurfpfeile und genießt für Singapur nun bei dieser WM sein Darts-Märchen. Auch Mensur Suljovic ist vor seiner Auftaktpartie am Montag hochmotiviert.",https://img.diepresse.com/public/incoming/tf52xs-imago-images-1070289904/alternates/DPR_SOCIAL_NACHRICHTEN/imago%20images%201070289904,2025-12-14T14:20:18Z,,Der Weg zur Darts-Scheibe war für Paul Lim keinesfalls vorgezeichnet. Als Sohn eines wohlhabenden Jadehändlers wuchs er mit über 20 Geschwistern in Singapur auf. Doch dann übersiedelte er im Alter vo… [+3094 chars],,de,'London'
https://www.dw.com/de/wolodymyr-selenskyj-ukraine-friedrich-merz-wladimir-putin-jared-kushner-steve-witkoff/a-75152427,https://www.dw.com/de/wolodymyr-selenskyj-ukraine-friedrich-merz-wladimir-putin-jared-kushner-steve-witkoff/a-75152427,0,www.dw.com,Ukraine-Gespräche: Merz empfängt Selenskyj in Berlin,"Berlin ist Schauplatz intensiver Bemühungen um einen Waffenstillstand in der Ukraine. Es geht darum, zwischen den USA, Europa und der Ukraine Positionen abzustimmen. Auch der ukrainische Präsident Selenskyj ist da. Der ukrainische Präsident Wolodymyr Selensky…",https://static.dw.com/image/75152470_6.jpg,2025-12-14T16:24:00Z,,Der ukrainische Präsident Wolodymyr Selenskyj ist zu Beratungen über einen Waffenstillstand im russischen Angriffskrieg gegen sein Land in Berlin eingetroffen. Im Kanzleramt wurde er von Bundeskanzle… [+3636 chars],,de,'Ukraine'
https://www.dw.com/de/trump-und-die-starken-m%C3%A4nner-in-nahost-kooperation-unter-gleichgesinnten/a-75091757,https://www.dw.com/de/trump-und-die-starken-m%C3%A4nner-in-nahost-kooperation-unter-gleichgesinnten/a-75091757,0,www.dw.com,"Trump und die ""starken Männer"" in Nahost: Kooperation unter Gleichgesinnten?","Der US-Präsident kritisiert Europa als schwach. Autoritäre Politiker im Nahen Osten schätzt er hingegen. Kritiker meinen, er habe mit ihnen mehr gemeinsam als mit den traditionellen US-Verbündeten in den EU-Ländern.",https://static.dw.com/image/75079445_6.jpg,2025-12-14T16:54:00Z,,"Ein kritisches Wort über die ""starken Männer"" und Autokraten des Nahen Ostens vernimmt man von US-Präsident Donald Trump eher selten. Stattdessen lobt er sie gerne öffentlich. So bezeichnete er den s… [+6286 chars]",,de,'London'
https://www.tagesspiegel.de/politik/friedrich-merz-und-der-ukraine-gipfel-in-berlin-vereint-oder-verstort-der-kanzler-die-europaer-15049805.html,https://www.tagesspiegel.de/politik/friedrich-merz-und-der-ukraine-gipfel-in-berlin-vereint-oder-verstort-der-kanzler-die-europaer-15049805.html,0,www.tagesspiegel.de,Friedrich Merz und der Ukraine-Gipfel in Berlin: Vereint oder verstört der Kanzler die Europäer?,Es steht nicht weniger auf der Agenda als die Frage von Krieg und Frieden in Europa. Das Berliner Treffen macht Merz zum Antreiber der Gemeinschaft. Doch seine Europapolitik ist widersprüchlich.,https://www.tagesspiegel.de/images/15050742/alternates/BASE_16_9_W1400/1765788254000/berlin-deutschland-14-12-2025-bundeskanzleramt-ukraine-gesprache-in-berlin-der-ukrainische-prasident-wolodymyr-sele.jpeg,2025-12-14T17:14:27Z,,Schluss mit den innenpolitischen Spielereien! Jetzt geht es um alles! Um nicht weniger als die Zukunft eines demokratischen Deutschlands in einem freien Europa! Um Wohlstand und Frieden auf dem Konti… [+9236 chars],,de,'London'
https://www.bild.de/sport/mehr-sport/darts-wm-indische-sensation-im-ally-pally-historischer-moment-693ef79c3b230755182acdae,https://www.bild.de/sport/mehr-sport/darts-wm-indische-sensation-im-ally-pally-historischer-moment-693ef79c3b230755182acdae,0,www.bild.de,Historischer WM-Moment - Indische Sensation im Ally Pally,Im legendären Ally Pally erlebt die Darts-WM eine echte Überraschung! Der Inder Nitin Kumar sorgt in London für einen historischen Moment.,"https://images.bild.de/693ef79c3b230755182acdae/099ee973ca5ba4a0417779d65de92332,6ef3bba9?w=1280",2025-12-14T17:52:36Z,,"Im legendären Ally Pally erlebt die Darts-WM eine echte Überraschung!
Der Inder Nitin Kumar sorgt in London für einen historischen Moment und schreibt Sportgeschichte.
Der 40-Jährige gewinnt als er… [+1610 chars]",,de,'London'
https://www.zeit.de/news/2025-12/14/deutscher-darts-profi-wenig-verliert-bei-wm-debuet,https://www.zeit.de/news/2025-12/14/deutscher-darts-profi-wenig-verliert-bei-wm-debuet,0,www.zeit.de,Turnier in London: Deutscher Darts-Profi Wenig verliert bei WM-Debüt,Hier finden Sie Informationen zu dem Thema „Turnier in London“. Lesen Sie jetzt „Deutscher Darts-Profi Wenig verliert bei WM-Debüt“.,https://img.zeit.de/news/2025-12/14/deutscher-darts-profi-wenig-verliert-bei-wm-debuet-image-group/wide__1300x731,2025-12-14T20:22:02Z,,Der deutsche Darts-Profi Lukas Wenig ist in Runde eins der Weltmeisterschaft in London ausgeschieden. Der 31 Jahre alte Franke verlor am Abend mit 1:3 gegen den Niederländer Wesley Plaisier und bekom… [+1012 chars],,de,'London'
https://www.stern.de/gesellschaft/regional/bayern/turnier-in-london--deutscher-darts-profi-wenig-verliert-bei-wm-debuet-36961256.html,https://www.stern.de/gesellschaft/regional/bayern/turnier-in-london--deutscher-darts-profi-wenig-verliert-bei-wm-debuet-36961256.html,0,www.stern.de,Turnier in London: Deutscher Darts-Profi Wenig verliert bei WM-Debüt,Als erster Deutscher bei dieser Darts-WM hat Lukas Wenig eine Niederlage hinnehmen müssen. Ein mögliches Duell mit einem Ex-Weltmeister entgeht ihm damit.,https://image.stern.de/36961258/t/HO/v1/w1440/r1.7778/-/14--5pzeawoh75v6axs2048jpeg---3cf56a3830b139bb.jpg,2025-12-14T20:22:02Z,,"Kopiere den aktuellen Link
Zur Merkliste hinzufügen
Als erster Deutscher bei dieser Darts-WM hat Lukas Wenig eine Niederlage hinnehmen müssen. Ein mögliches Duell mit einem Ex-Weltmeister entgeht i… [+1182 chars]",,de,'London'
https://www.tagesspiegel.de/sport/turnier-in-london-deutscher-darts-profi-wenig-verliert-bei-wm-debut-15051191.html,https://www.tagesspiegel.de/sport/turnier-in-london-deutscher-darts-profi-wenig-verliert-bei-wm-debut-15051191.html,0,www.tagesspiegel.de,Turnier in London: Deutscher Darts-Profi Wenig verliert bei WM-Debüt,Als erster Deutscher bei dieser Darts-WM hat Lukas Wenig eine Niederlage hinnehmen müssen. Ein mögliches Duell mit einem Ex-Weltmeister entgeht ihm damit.,https://www.tagesspiegel.de/images/15051190/alternates/BASE_16_9_W1400/1765743799000/darts-wm-in-london-tag-4.jpeg,2025-12-14T20:23:19Z,,Der deutsche Darts-Profi Lukas Wenig ist in Runde eins der Weltmeisterschaft in London ausgeschieden. Der 31 Jahre alte Franke verlor am Abend mit 1:3 gegen den Niederländer Wesley Plaisier und bekom… [+1066 chars],,de,'London'
https://www.n-tv.de/sport/Diese-Niederlage-bei-der-Darts-WM-kann-noch-bitter-werden-id30142417.html,https://www.n-tv.de/sport/Diese-Niederlage-bei-der-Darts-WM-kann-noch-bitter-werden-id30142417.html,0,www.n-tv.de,Erster Deutscher ausgeschieden: Diese Niederlage bei der Darts-WM kann noch bitter werden,Erster Rückschlag für die deutschen Teilnehmer bei der Darts-WM in London: Lukas Wenig verliert 1:3 gegen den Niederländer Wesley Plaisier. Der Debütant muss jetzt um den Verbleib auf der Profitour zittern.,https://www.n-tv.de/img/30142416/1765747506/Img_16_9/1200/14-12-2025-2025-26-World-Darts-Championship-Lukas-Wenig-during-the-2025-26-Paddy-Power-World-Darts-Championships-at-Alexandra-Palace-London-United-Kingdom-on-14-December-2025.jpg,2025-12-14T20:43:42Z,,"Erster Deutscher ausgeschiedenDiese Niederlage bei der Darts-WM kann noch bitter werden
Muss nach dem Erstrunden-Aus bei der WM um die Tourkarte zittern: Lukas Wenig (Foto: IMAGO/Pro Sports Images)… [+2524 chars]",,de,'London'
https://www.welt.de/sport/darts/article693eca7e3b230755182acaa0/darts-wm-2026-drama-um-dimitri-van-den-bergh-lukas-wenig-als-erster-deutscher-raus.html,https://www.welt.de/sport/darts/article693eca7e3b230755182acaa0/darts-wm-2026-drama-um-dimitri-van-den-bergh-lukas-wenig-als-erster-deutscher-raus.html,0,www.welt.de,"Drama um Dimitri van den Bergh, Lukas Wenig als erster Deutscher raus","Nach zwei Auftaktsiegen hat es bei der Darts-WM in London den ersten deutschen Spieler erwischt. Die Schwankungen bei Debütant Lukas Wenig waren zu groß. Weitaus größere Sorgen bereitet Dimitri van den Bergh, der auf der Bühne mental einbrach.",https://images.welt.de/693eca7e3b230755182acaa0/d2d27ca5d75e804315d96887f12c704f-master/ci16x9-w1200/kc-2026wcr1-vandenbergh04-jpg,2025-12-14T21:47:04Z,,Nach zwei Auftaktsiegen hat es bei der Darts-WM in London den ersten deutschen Spieler erwischt. Die Schwankungen bei Debütant Lukas Wenig waren zu groß. Weitaus größere Sorgen bereitet Dimitri van d… [+5517 chars],,de,'London'
https://www.nzz.ch/meinung/der-unsichtbare-riese-kehrt-zurueck-indonesien-koennte-zwischen-washington-und-peking-ein-dritter-pol-sein-ld.1915814,https://www.nzz.ch/meinung/der-unsichtbare-riese-kehrt-zurueck-indonesien-koennte-zwischen-washington-und-peking-ein-dritter-pol-sein-ld.1915814,0,www.nzz.ch,KOMMENTAR - Der unsichtbare Riese kehrt zurück: Indonesien könnte zwischen Washington und Peking ein dritter Pol sein,Indonesien ist die drittgrösste Demokratie der Welt und eine Wirtschaftsmacht. Trotzdem wird das Land im Westen kaum wahrgenommen. Präsident Prabowo will das ändern. Dieses Mal könnte es ihm gelingen.,"https://img.nzz.ch/2025/12/12/e7eccaca-b877-481c-a031-d35ffacf0753.jpg?width=1200&height=675&fit=bounds&quality=75&auto=webp&crop=5760,3240,x0,y70&wmark=nzz",2025-12-15T04:30:00Z,,Indonesien ist die drittgrösste Demokratie der Welt und eine Wirtschaftsmacht. Trotzdem wird das Land im Westen kaum wahrgenommen. Präsident Prabowo will das ändern. Dieses Mal könnte es ihm gelingen… [+11830 chars],,de,'Indonesien'
https://www.bild.de/leben-wissen/haustiere/zwischen-zoo-und-krieg-die-traurige-wahrheit-hinter-winnie-puuh-6932e4c7bdb9c3d5970e51c3,https://www.bild.de/leben-wissen/haustiere/zwischen-zoo-und-krieg-die-traurige-wahrheit-hinter-winnie-puuh-6932e4c7bdb9c3d5970e51c3,0,www.bild.de,Zwischen Zoo und Krieg - Die traurige Wahrheit hinter Winnie Puuh,"Ein Bärenbaby aus Kanada inspiriert A. A. Milne zu Winnie Puuh, weit entfernt von ihrer traurigen Realität.","https://images.bild.de/6932e4c7bdb9c3d5970e51c3/a05953f6f91a8812627185bdac641ca0,51555c9e?w=1280",2025-12-15T07:11:02Z,,"TTS-Player überspringenArtikel weiterlesenEin kleines Bärenbaby auf einem Bahnsteig im kanadischen White River. Ein Soldat, der kurz vor dem Einsatz im Ersten Weltkrieg steht. Und ein Moment, der ein… [+3037 chars]",,de,'Kanada'
https://www.tagesspiegel.de/sport/erste-runde-der-meistgehypte-sport-deutsche-darts-abende-bei-wm-15051513.html,https://www.tagesspiegel.de/sport/erste-runde-der-meistgehypte-sport-deutsche-darts-abende-bei-wm-15051513.html,0,www.tagesspiegel.de,Erste Runde: „Der meistgehypte Sport“: Deutsche Darts-Abende bei WM,"Acht WM-Teilnehmer, ein Profi unter den Top 16: Darts hat sich in Deutschland sukzessive entwickelt. Das zeigt beispielhaft auch der Start in London.",https://www.tagesspiegel.de/images/15051512/alternates/BASE_16_9_W1400/1765784365000/martin-schindler.jpeg,2025-12-15T07:39:26Z,,Im Alexandra Palace von London vergeht in diesen Tagen kein Darts-Abend ohne deutsche Beteiligung. Damit das unmittelbar vor und vor allem in der entscheidenden Phase nach den Weihnachtsfeiertagen so… [+3536 chars],,de,'Deutschland'
https://www.welt.de/sport/darts/article693eca7e3b230755182acaa0/darts-wm-2026-dramatischer-auftritt-sorgen-um-dimitri-van-den-bergh.html,https://www.welt.de/sport/darts/article693eca7e3b230755182acaa0/darts-wm-2026-dramatischer-auftritt-sorgen-um-dimitri-van-den-bergh.html,0,www.welt.de,Dramatischer WM-Auftritt – Sorgen um Darts-Star,"Nach zwei Auftaktsiegen hat es bei der Darts-WM in London mit Lukas Wenig den ersten deutschen Spieler erwischt. Das kann passieren. Weitaus größere Sorgen bereitet Dimitri van den Bergh. Es tat weh, den Kampf gegen seine Dämonen derart unzensiert zu sehen.",https://images.welt.de/693eca7e3b230755182acaa0/d2d27ca5d75e804315d96887f12c704f-master/ci16x9-w1200/kc-2026wcr1-vandenbergh04-jpg,2025-12-15T08:09:10Z,,"Nach zwei Auftaktsiegen hat es bei der Darts-WM in London mit Lukas Wenig den ersten deutschen Spieler erwischt. Das kann passieren. Weitaus größere Sorgen bereitet Dimitri van den Bergh. Es tat weh,… [+5148 chars]",,de,'London'
https://sport.orf.at/stories/3148874/,https://sport.orf.at/stories/3148874/,0,sport.orf.at,Suljovic und der Druck auf der großen Bühne,"Seit Donnerstag toben im Alexandra Palace in London wieder die Fans, wenn die Stars der Darts-WM die nur acht Millimeter breiten Doppel- und Triplefelder treffen. Am Montag hofft auch Österreichs Darts-Ikone Mensur Suljovic auf die entsprechende Anfeuerung. E…",https://ibs.orf.at/sport?image=https%3A%2F%2Fassets.orf.at%2Fmims%2F2025%2F50%2F46%2Fcrops%2Fw%3D1200%2Ch%3D630%2Cq%3D75%2F2864005_master_1106046_darts_wm_2026_vor_suljovic_auftakt_im.jpg%3Fs%3D5a4bd69286c2236730f62a2f5d33e0e9da19c330,2025-12-15T08:15:26Z,,Österreichs einziger Starter bei der 33. Ausgabe der WM der Professional Darts Corporation (PDC) trifft am Montag zum Auftakt auf den Kanadier David Cameron. Suljovic kam in seinen bisherigen 16 Teil… [+8512 chars],,de,'London'
https://www.bild.de/politik/ausland-und-internationales/arbeitet-syriens-ehemaliger-praesident-bald-wieder-als-arzt-assad-studiert-in-moskau-693fd554b09dc82a576a0d9e,https://www.bild.de/politik/ausland-und-internationales/arbeitet-syriens-ehemaliger-praesident-bald-wieder-als-arzt-assad-studiert-in-moskau-693fd554b09dc82a576a0d9e,0,www.bild.de,Vom „Schlächter“ zum Heiler - Assad plant neue Karriere in Moskau,Im russischen Exil findet Syriens Machthaber Baschar al-Assad offenbar zurück zu einer alten Leidenschaft: Augenheilkunde.,"https://images.bild.de/693fd554b09dc82a576a0d9e/449e12d58aaf05d491779ae985fa5cc1,91b5aaf0?w=1280",2025-12-15T12:59:54Z,http://web.archive.org/web/20251216103011/https://www.bild.de/politik/ausland-und-internationales/arbeitet-syriens-ehemaliger-praesident-bald-wieder-als-arzt-assad-studiert-in-moskau-693fd554b09dc82a576a0d9e,Moskau Im russischen Exil findet Syriens Machthaber Baschar al-Assad offenbar zurück zu einer alten Leidenschaft: Augenheilkunde. Wie der britische Guardian unter Berufung auf einen Insider berichtet… [+3921 chars],,de,'Moskau'
https://www.diepresse.com/20411172/meinl-reisinger-schickt-ihren-kabinettschef-arad-benkoe-als-botschafter,https://www.diepresse.com/20411172/meinl-reisinger-schickt-ihren-kabinettschef-arad-benkoe-als-botschafter,0,www.diepresse.com,Meinl-Reisinger schickt ihren Kabinettschef Arad Benkö als Botschafter nach Israel [premium],"Der Ministerrat beschließt die erste Botschafterliste von Außenministerin Meinl-Reisinger. Etienne Bertold, früher Sprecher von Ex-Kanzler Kurz, wechselt von Abu Dhabi nach Baku.",https://img.diepresse.com/public/incoming/sv3fid-kein-Titel/alternates/DPR_SOCIAL_NACHRICHTEN/kein%20Titel,2025-12-17T04:59:22Z,,"Das Botschafterrad dreht sich erstmals im Takt von Beate Meinl-Reisinger. Lang wird Arad Benkö, zuletzt Kabinettschef der Außenministerin, nicht Sonderbeauftragter für den Nahen Osten bleiben. Im Som… [+1186 chars]",,de,'Israel'
https://www.zeit.de/news/2025-12/17/straftaeter-per-linienflug-nach-afghanistan-abgeschoben,https://www.zeit.de/news/2025-12/17/straftaeter-per-linienflug-nach-afghanistan-abgeschoben,0,www.zeit.de,Migrationspolitik: Straftäter per Linienflug nach Afghanistan abgeschoben,Hier finden Sie Informationen zu dem Thema „Migrationspolitik“. Lesen Sie jetzt „Straftäter per Linienflug nach Afghanistan abgeschoben“.,https://img.zeit.de/news/2025-12/17/straftaeter-per-linienflug-nach-afghanistan-abgeschoben-image-group/wide__1300x731,2025-12-17T12:18:27Z,,Ein 28-jähriger aus Afghanistan stammender Intensivtäter ist aus Bayern per Linienflug in seine Heimat abgeschoben worden. Das teilte Bayerns Innenminister Joachim Herrmann (CSU) mit. Zuvor hatte die… [+1690 chars],,de,'Afghanistan'
https://www.sueddeutsche.de/politik/serbien-kushner-bauprojekt-mahnmal-li.3355984,https://www.sueddeutsche.de/politik/serbien-kushner-bauprojekt-mahnmal-li.3355984,0,www.sueddeutsche.de,Serbien: Trumps Schwiegersohn zieht sich aus Skandalprojekt zurück,"Ein Mahnmal in Belgrad sollte einem Luxushotel weichen, so hatte es Präsident Vučić geplant. Nach Protesten lässt der US-Investor Jared Kushner das Projekt platzen – und Vučić ist wütend.",https://www.sueddeutsche.de/2025/12/17/82ee2778-d3c5-41a1-9838-7a3d81992d13.jpg?q=60&fm=webp&width=1200&rect=0%2C208%2C4000%2C2250,2025-12-17T14:46:44Z,,"Belgrad bekommt bis auf Weiteres doch keinen Trump-Tower. Jared Kushner, Schwiegersohn der US-Präsidenten, hat sich aus einem höchst umstrittenen Immobilienprojekt in der serbischen Hauptstadt zurück… [+280 chars]",,de,'Serbien'
https://www.bild.de/politik/ausland-und-internationales/peter-arnett-legendaerer-kriegsreporter-mit-91-jahren-gestorben-6943afbf3e25dcaf036aee18,https://www.bild.de/politik/ausland-und-internationales/peter-arnett-legendaerer-kriegsreporter-mit-91-jahren-gestorben-6943afbf3e25dcaf036aee18,0,www.bild.de,Er litt an Prostatakrebs - Reporter-Legende Peter Arnett (91) ist tot,Der weltberühmte Reporter Peter Arnett ist in Kalifornien gestorben. Berühmt durch seine Berichte aus Vietnam und dem Golfkrieg.,"https://images.bild.de/6943afbf3e25dcaf036aee18/ecb51303da843b2cf45449ea9a61e213,fe23a658?w=1280",2025-12-18T08:18:26Z,,Los Angeles  Der weltberühmte Kriegsreporter Peter Arnett ist tot. Der frühere AP- und CNN-Korrespondent starb am Mittwoch im Alter von 91 Jahren in Newport Beach (Kalifornien). Arnett litt seit Läng… [+1981 chars],,de,'Vietnam'
https://www.focus.de/panorama/welt/er-interviewte-osama-bin-laden-legendaerer-kriegsreporter-peter-arnett-ist-tot_775cc4ac-d249-47aa-ba55-233569611630.html,https://www.focus.de/panorama/welt/er-interviewte-osama-bin-laden-legendaerer-kriegsreporter-peter-arnett-ist-tot_775cc4ac-d249-47aa-ba55-233569611630.html,0,www.focus.de,Er interviewte Osama bin Laden: Legendärer Kriegsreporter Peter Arnett ist tot,"Der weltbekannte Kriegsreporter Peter Arnett ist im Alter von 91 Jahren gestorben. Der Journalist, der für seine Berichte aus Vietnam und dem Golfkrieg bekannt war, litt an Prostatakrebs.",https://quadro.burda-forward.de/ctf/a3e77836-3a58-4cfe-8f25-d5d6ce970dc4.79bd07c0-aecf-4d80-9248-17e876857ebd.jpg?im=RegionOfInterestCrop%3D%281200%2C630%29%2CregionOfInterest%3D%281184%2C867%29&hash=8bd3efaffb652f1213999d05227c457c90b5be1f3dc7314b934e99316dd02e45,2025-12-18T09:22:20Z,,"Peter Arnett, einer der bekanntesten Kriegsreporter der Welt, ist tot. Laut Bild starb der frühere AP- und CNN-Korrespondent am Mittwoch im Alter von 91 Jahren in Newport Beach, Kalifornien. Er litt … [+1948 chars]",,de,'Vietnam'
https://www.n-tv.de/panorama/US-Kriegsreporterlegende-Peter-Arnett-ist-tot-id30157534.html,https://www.n-tv.de/panorama/US-Kriegsreporterlegende-Peter-Arnett-ist-tot-id30157534.html,0,www.n-tv.de,Berichte aus Vietnam und Irak: US-Kriegsreporterlegende Peter Arnett ist tot,Im ersten Golfkrieg ist er zeitweise der einzige Journalist in Bagdad und berichtet live am Telefon von Raketenangriffen. Ende der 90er Jahre interviewt er erstmals Osama Bin Laden für das Fernsehen. Jahrzehnte zuvor dokumentiert er den Vietnamkrieg. Nun ist …,https://www.n-tv.de/img/30157493/1766054419/Img_16_9/1200/Associated-Press-correspondent-Peter-Arnett-left-marches-in-column-with-Vietnamese-troops-as-he-covers-the-war-in-Vietnam-Nov-11-1965-The-conflict-is-described-as-one-of-the-most-difficult-and-dangerous-for-those-who-cover-it-because-of-the-way-it-is-fought-There-are-no-front-lines-or-clearly-marked-friendly-or-enemy-territories.jpg,2025-12-18T10:07:24Z,,"Eines der bekanntesten Fotos, das Arnett (l.) zeigt. 1965 ist er mit einer Gruppe US-Soldaten in Vietnam unterwegs. (Foto: AP)
Im ersten Golfkrieg ist er zeitweise der einzige Journalist in Bagdad u… [+2135 chars]",,de,'Bagdad'
https://www.stern.de/kultur/kriegsreporter-peter-arnett-im-alter-von-91-jahren-gestorben-36974022.html,https://www.stern.de/kultur/kriegsreporter-peter-arnett-im-alter-von-91-jahren-gestorben-36974022.html,0,www.stern.de,Pulitzer-Preisträger: Weltberühmter Kriegsreporter Peter Arnett ist tot,Er berichteteaus Vietnam und aus dem Irak – jetzt ist der US-Kriegsberichterstatter Peter Arnett im Alter von 91 Jahren an den Folgen einer Erkrankung ges...,https://image.stern.de/36974242/t/-x/v1/w1440/r1.7778/-/peter-arnett.jpg,2025-12-18T10:28:00Z,,"Kopiere den aktuellen Link
Zur Merkliste hinzufügen
Er berichtete aus Vietnam und aus dem Irak jetzt ist der US-Kriegsberichterstatter Peter Arnett im Alter von 91 Jahren nach langer Krankheit gest… [+3160 chars]",,de,'Irak'
https://www.stern.de/lifestyle/leute/kriegsberichterstatter--reporterlegende-peter-arnett-gestorben-36974748.html,https://www.stern.de/lifestyle/leute/kriegsberichterstatter--reporterlegende-peter-arnett-gestorben-36974748.html,0,www.stern.de,Kriegsberichterstatter: Reporterlegende Peter Arnett gestorben,"Er berichtete aus Saigon, aus Bagdad, machte Interviews mit Saddam Hussein und Osama bin Laden: Peter Arnett lieferte jahrzehntelang Nachrichten aus den Brennpunkten der Welt.",https://image.stern.de/36974750/t/aC/v2/w1440/r1.7778/-/18--xmogtop33mv5axs2048jpeg---9c970284f80a8be2.jpg,2025-12-18T11:50:32Z,,"Kopiere den aktuellen Link
Zur Merkliste hinzufügen
Er berichtete aus Saigon, aus Bagdad, machte Interviews mit Saddam Hussein und Osama bin Laden: Peter Arnett lieferte jahrzehntelang Nachrichten … [+2286 chars]",,de,'Bagdad'
https://www.tagesspiegel.de/gesellschaft/kriegsberichterstatter-reporterlegende-peter-arnett-gestorben-15063389.html,https://www.tagesspiegel.de/gesellschaft/kriegsberichterstatter-reporterlegende-peter-arnett-gestorben-15063389.html,0,www.tagesspiegel.de,Kriegsberichterstatter: Reporterlegende Peter Arnett gestorben,"Er berichtete aus Saigon, aus Bagdad, machte Interviews mit Saddam Hussein und Osama bin Laden: Peter Arnett lieferte jahrzehntelang Nachrichten aus den Brennpunkten der Welt.",https://www.tagesspiegel.de/images/15063388/alternates/BASE_16_9_W1400/1766058709000/kriegsfotograf-peter-arnett-gestorben.jpeg,2025-12-18T11:51:49Z,,"Für seine Berichterstattung zum Vietnamkrieg hatte er den Pulitzer-Preis gewonnen, nun ist Reporterlegende Peter Arnett im Alter von 91 Jahren in Kalifornien gestorben. Der frühere AP- und CNN-Korres… [+2141 chars]",,de,'Bagdad'
https://taz.de/Kriegsreporter-Peter-Arnett-gestorben/!6139650/,https://taz.de/Kriegsreporter-Peter-Arnett-gestorben/!6139650/,0,taz.de,Kriegsreporter Peter Arnett gestorben: Die ruhige Stimme aus dem Inferno,"Peter Arnett scheute keine Gefahr, um zu berichten, wie Krieg aussieht. Seine Schilderung der US-Angriffe 1991 auf Bagdad haben viele bis heute im Ohr.",https://taz.de/picture/8140426/1200/39951702.jpeg,2025-12-18T12:04:00Z,,"Peter Arnett scheute keine Gefahr, um zu berichten, wie Krieg aussieht. Seine Schilderung der US-Angriffe 1991 auf Bagdad haben viele bis heute im Ohr. mehr...",,de,'Bagdad'
https://www.sueddeutsche.de/politik/ukraine-krieg-newsblog-selenskij-treffen-li.3353907,https://www.sueddeutsche.de/politik/ukraine-krieg-newsblog-selenskij-treffen-li.3353907,0,www.sueddeutsche.de,Krieg in der Ukraine: Selenskij: USA wollen wieder direkte Gespräche zwischen Russland und Ukraine,Offenbar sollen sich die nationalen Sicherheitsberater aus allen drei Ländern treffen. Es wäre die erste direkte Begegnung zwischen Kiew und Moskau seit Monaten.,https://www.sueddeutsche.de/2025/12/20/06a66c95-154c-41da-bc29-d1de63d333f0.jpg?q=60&fm=webp&width=1200&rect=0%2C209%2C4000%2C2250,2025-12-20T18:50:00Z,,Die Staats- und Regierungschefs der EU-Länder haben sich im Ringen um die künftige Finanzierung der Ukraine auf einen Kompromiss verständigt. Wie Bundeskanzler Friedrich Merz nach dem EU-Gipfel in Br… [+2240 chars],,de,'Brüssel'
https://www.n-tv.de/politik/21-38-Selenskyj-moechte-Frieden-aber-nicht-um-jeden-Preis-id30167854.html,https://www.n-tv.de/politik/21-38-Selenskyj-moechte-Frieden-aber-nicht-um-jeden-Preis-id30167854.html,0,www.n-tv.de,"Ukraine-Krieg im Liveticker: +++ 21:38 Selenskyj möchte Frieden, ""aber nicht um jeden Preis"" +++","Berlin, Washington, Brüssel - überall. ntv berichtet von allen wichtigen Schauplätzen der Innen- und Außenpolitik.",https://www.n-tv.de/img/2339153/1721988811/Img_16_9/1200/Ukraine-Liveticker.jpg,2025-12-20T21:00:00Z,,"""Frieden ist besser als Krieg, aber nicht um jeden Preis, denn wir haben bereits einen hohen Preis bezahlt"", schreibt der ukrainische Präsident Wolodymyr Selenskyj in einem aktuellen Post auf Instagr… [+24307 chars]",,de,'Washington'
https://www.faz.net/aktuell/politik/ausland/staerker-als-russland-warum-ein-sieg-der-ukraine-mit-hilfe-der-eu-moeglich-ist-110806152.html,https://www.faz.net/aktuell/politik/ausland/staerker-als-russland-warum-ein-sieg-der-ukraine-mit-hilfe-der-eu-moeglich-ist-110806152.html,0,www.faz.net,Europa-Hilfe für Ukraine: Die EU ist stärker als Russland,Die Armeen Russlands und der Ukraine sind im Augenblick ebenbürtig. Also kommt es auf die Wirtschaftskraft an – und da kann Europa den Ausschlag geben.,https://media0.faz.net/image/w1200h627/47c0196ff99c/w2254h1177x322y250o/202512/43601.0.1593076971/friedrich-merz-am-donnerstag.webp,2025-12-20T21:01:41Z,,"Russlands Krieg um Eu­ropa hatte zuletzt zwei Zentren: Brüssel, wo Bundeskanzler Merz rettende Hilfe für die Ukraine ermöglichte, indem er ein Modell dafür akzeptierte, das er zuvor nicht akzeptieren… [+4650 chars]",,de,'Europa'
https://www.welt.de/politik/ausland/article6945a3faf6fc544dba9ae1da/ukraine-krieg-usa-wollen-kiew-und-moskau-an-einen-tisch-bringen-putin-berater-lobt-gespraechsfortschritt-in-miami.html,https://www.welt.de/politik/ausland/article6945a3faf6fc544dba9ae1da/ukraine-krieg-usa-wollen-kiew-und-moskau-an-einen-tisch-bringen-putin-berater-lobt-gespraechsfortschritt-in-miami.html,0,www.welt.de,USA wollen Kiew und Moskau an einen Tisch bringen – Putin-Berater lobt Gesprächsfortschritt in Miami,"In Florida sprechen US-Amerikaner und Russen über eine Lösung des Ukraine-Kriegs. Nach ukrainischen Angaben wollen die USA, dass Russland und Ukraine erstmals seit Monaten wieder direkt miteinander verhandeln. Ein Vertreter Russlands äußert sich positiv. Mehr…",https://images.welt.de/6945a3faf6fc544dba9ae1da/e4790482414afef2e18f558e0764d9cf/ci16x9-w1200/2025-12-15t191030z-567992770-rc26hiazrhxo-rtrmadp-3-ukraine-crisis-germany-zelenskiy-jpg,2025-12-20T21:02:00Z,,"In Florida sprechen US-Amerikaner und Russen über eine Lösung des Ukraine-Kriegs. Nach ukrainischen Angaben wollen die USA, dass Russland und Ukraine erstmals seit Monaten wieder direkt miteinander v… [+14807 chars]",,de,'Brüssel'
https://www.welt.de/politik/ausland/article6945a3faf6fc544dba9ae1da/ukraine-krieg-trilaterales-treffen-usa-wollen-kiew-und-moskau-an-einen-tisch-bringen.html,https://www.welt.de/politik/ausland/article6945a3faf6fc544dba9ae1da/ukraine-krieg-trilaterales-treffen-usa-wollen-kiew-und-moskau-an-einen-tisch-bringen.html,0,www.welt.de,Trilaterales Treffen – USA wollen Kiew und Moskau an einen Tisch bringen,"In Florida sprechen US-Amerikaner und Russen über eine Lösung des Ukraine-Kriegs. Nach ukrainischen Angaben wollen die USA, dass Russland und Ukraine erstmals seit Monaten wieder direkt miteinander verhandeln. Mehr im Liveticker.",https://images.welt.de/6945a3faf6fc544dba9ae1da/e4790482414afef2e18f558e0764d9cf/ci16x9-w1200/2025-12-15t191030z-567992770-rc26hiazrhxo-rtrmadp-3-ukraine-crisis-germany-zelenskiy-jpg,2025-12-20T21:02:00Z,http://web.archive.org/web/20251220212309/https://www.welt.de/politik/ausland/article6945a3faf6fc544dba9ae1da/ukraine-krieg-trilaterales-treffen-usa-wollen-kiew-und-moskau-an-einen-tisch-bringen.html,"In Florida sprechen US-Amerikaner und Russen über eine Lösung des Ukraine-Kriegs. Nach ukrainischen Angaben wollen die USA, dass Russland und Ukraine erstmals seit Monaten wieder direkt miteinander v… [+12812 chars]",,de,'Moskau'
https://www.nzz.ch/international/bulgarien-und-der-euro-kann-das-gutgehen-ein-land-mit-zweifelhaftem-rechtsstaat-hat-ab-januar-die-gemeinsame-waehrung-ld.1917210,https://www.nzz.ch/international/bulgarien-und-der-euro-kann-das-gutgehen-ein-land-mit-zweifelhaftem-rechtsstaat-hat-ab-januar-die-gemeinsame-waehrung-ld.1917210,0,www.nzz.ch,Bulgarien und der Euro: Kann das gutgehen? Ein Land mit zweifelhaftem Rechtsstaat hat ab Januar die gemeinsame Währung,"Inmitten einer neuen innenpolitischen Krise und von Strassenprotesten, die sich gegen den Oligarchen Deljan Peewski richten, schickt sich das ärmste Land der EU an, der Euro-Zone beizutreten. Doch die Devise zu Bulgarien lautet: zu klein, um Schaden anzuricht…","https://img.nzz.ch/2025/12/18/e6a15516-b696-48f6-a708-9b69bac25eb6.jpg?width=1200&height=674&fit=bounds&quality=75&auto=webp&crop=5014,2820,x0,y238&wmark=nzz",2025-12-21T04:30:00Z,,"Inmitten einer neuen innenpolitischen Krise und von Strassenprotesten, die sich gegen den Oligarchen Deljan Peewski richten, schickt sich das ärmste Land der EU an, der Euro-Zone beizutreten. Doch di… [+7166 chars]",,de,'Bulgarien'
https://www.voltairenet.org/article223419.html,https://www.voltairenet.org/article223419.html,0,www.voltairenet.org,"Das Gesetz der Piraterie, von Manlio Dinucci","Als wäre nichts unternommen worden,  stellte der Europäische Rat für die Ukraine am 18. Dezember in Frage, was die Europäer den US-Verhandlungsführern am 15. Dezember in Berlin eingeräumt hatten: Er bekräftigte erneut, dass die NATO Bodentruppen in die Ukrain…",https://www.voltairenet.org/IMG/logo/223414arton.jpg?1766296780,2025-12-21T06:01:39Z,,"Die x-te Neuausarbeitung des ""Friedensplans"" für die Ukraine, wurde vom Europäischen Rat in Brüssel mit Vertretern der Trump-Regierung vorgestellt. Zusammenfassend hier die Enderklärung:
""Die Staats… [+5387 chars]",,de,'Berlin'
https://www.bild.de/news/ausland/nato-bereitet-sich-auf-kriegsgefahr-in-europa-vor-6942b3d792f621656f7915f5,https://www.bild.de/news/ausland/nato-bereitet-sich-auf-kriegsgefahr-in-europa-vor-6942b3d792f621656f7915f5,0,www.bild.de,Nato-Chef Rutte spricht in BILD - „Nur Trump kann Putin zum Frieden zwingen“,"Nato-Chef Rutte: Höhere Rüstungsausgaben sichern Frieden, USA bleiben Nato-Partner.","https://images.bild.de/6942b3d792f621656f7915f5/fa91b2f1ca4dc9b359677785f4c159bc,6550de4?w=1280",2025-12-21T10:44:22Z,http://web.archive.org/web/20251221171656/https://www.bild.de/news/ausland/nato-bereitet-sich-auf-kriegsgefahr-in-europa-vor-6942b3d792f621656f7915f5,Brüssel Es ist die gefährlichste Zeit seit dem Ende des Zweiten Weltkriegs. Nato-Generalsekretär Mark Rutte (58) bereitet die Alliierten für den Fall eines russischen Angriffs vor - und kämpft gleich… [+9673 chars],,de,'Brüssel'
https://www.bild.de/politik/ausland-und-internationales/putin-berater-sagt-dass-kreml-nicht-mit-der-ukraine-spricht-6946d9ccb91bae2b754db83f,https://www.bild.de/politik/ausland-und-internationales/putin-berater-sagt-dass-kreml-nicht-mit-der-ukraine-spricht-6946d9ccb91bae2b754db83f,0,www.bild.de,Trotz Verhandlungen in Florida - Putin-Berater: Wir sprechen nicht mit der Ukraine,In Miami laufen Verhandlungen über ein mögliches Ende des Ukraine-Kriegs. Aber Russland bremst die Erwartungen und schließt Gespräche mit der Ukraine aus.,"https://images.bild.de/6946d9ccb91bae2b754db83f/789eac521050faea0eadf15ea320e06c,5254db9d?w=1280",2025-12-21T11:02:56Z,http://web.archive.org/web/20251222155606/https://www.bild.de/politik/ausland-und-internationales/putin-berater-sagt-dass-kreml-nicht-mit-der-ukraine-spricht-6946d9ccb91bae2b754db83f,"Kiew/ Berlin Es ist der verzweifelte Versuch, kurz vor den Festtagen doch noch Bewegung in die Verhandlungen für einen Frieden in der Ukraine zu bringen. 
In Miami haben erneut Gespräche über ein mö… [+3531 chars]",,de,'Brüssel'
https://www.welt.de/politik/ausland/article69454dabf6fc544dba9ad9c8/usa-drohen-venezuela-schiffe-in-die-luft-jagen-bis-maduro-aufgibt-und-er-wird-aufgeben.html,https://www.welt.de/politik/ausland/article69454dabf6fc544dba9ad9c8/usa-drohen-venezuela-schiffe-in-die-luft-jagen-bis-maduro-aufgibt-und-er-wird-aufgeben.html,0,www.welt.de,"„Schiffe in die Luft jagen, bis Maduro aufgibt. Und er wird aufgeben“","US-Präsident Trump droht Venezuelas Machthaber Maduro mit militärischer Intervention. Zum zweiten Mal beschlagnahmen die USA einen Öl-Tanker. Vordergründig geht es um Drogenschmuggel, aber der Konflikt reicht viel tiefer.",https://images.welt.de/69454dabf6fc544dba9ad9c8/4a571ebb7bb85133e75df707c9bb1e16-master/ci16x9-w1200/000-88d3894-jpg,2025-12-21T11:29:48Z,,"US-Präsident Trump droht Venezuelas Machthaber Maduro mit militärischer Intervention. Zum zweiten Mal beschlagnahmen die USA einen Öl-Tanker. Vordergründig geht es um Drogenschmuggel, aber der Konfli… [+7499 chars]",,de,'USA'
https://www.stern.de/news/ukraine-und-usa-sprechen-von--produktiven-und-konstruktiven--treffen-in-miami-36983288.html,https://www.stern.de/news/ukraine-und-usa-sprechen-von--produktiven-und-konstruktiven--treffen-in-miami-36983288.html,0,www.stern.de,"Ukraine und USA sprechen von ""produktiven und konstruktiven"" Treffen in Miami","Die Gespräche in den USA über ein Ende des russischen Angriffskriegs in der Ukraine sind nach Angaben Kiews und Washingtons ""produktiv und konstruktiv"" verlaufen. Eine entsprechende Erklärung zu den Gesprächen in Miami im US-Bundesstaat Florida veröffentlicht…",https://image.stern.de/36983290/t/7j/v1/w1440/r1.7778/-/21--die-praesidenten-der-ukraine-der-usa-und-russlands-vlnr---bf6c0ccb6423c19b.jpg,2025-12-21T20:44:37Z,,"Kopiere den aktuellen Link
Zur Merkliste hinzufügen
Die Gespräche in den USA über ein Ende des russischen Angriffskriegs in der Ukraine sind nach Angaben Kiews und Washingtons ""produktiv und konstr… [+3141 chars]",,de,'USA'
https://www.n-tv.de/politik/21-56-Starmer-und-Trump-sprechen-ueber-Friedensverhandlungen-id30169739.html,https://www.n-tv.de/politik/21-56-Starmer-und-Trump-sprechen-ueber-Friedensverhandlungen-id30169739.html,0,www.n-tv.de,Ukraine-Krieg im Liveticker: +++ 21:56 Starmer und Trump sprechen über Friedensverhandlungen +++,"Berlin, Washington, Brüssel - überall. ntv berichtet von allen wichtigen Schauplätzen der Innen- und Außenpolitik.",https://www.n-tv.de/img/2339153/1721988811/Img_16_9/1200/Ukraine-Liveticker.jpg,2025-12-21T21:00:00Z,,"Der britische Premierminister Keir Starmer hat mit US-Präsident Donald Trump über Bemühungen um ein ""gerechtes und dauerhaftes Ende"" des Ukraine-Krieges gesprochen. Das teilte das Büro von Starmer mi… [+22748 chars]",,de,'Washington'
https://www.stern.de/news/ukraine-und-usa-loben--produktive-und-konstruktive--treffen-in-miamibr-de-36983288.html,https://www.stern.de/news/ukraine-und-usa-loben--produktive-und-konstruktive--treffen-in-miamibr-de-36983288.html,0,www.stern.de,"Ukraine und USA loben ""produktive und konstruktive"" Treffen in Miamibr.de","Die USA und die Ukraine haben ihre Gespräche in Miami über ein Ende des russischen Angriffskriegs in der Ukraine als ""produktiv und konstruktiv"" gelobt. Eine entsprechende Erklärung zu den Beratungen im US-Bundesstaat Florida veröffentlichten die Delegationen…",https://image.stern.de/36983362/t/qs/v1/w1440/r1.7778/-/22--die-praesidenten-der-ukraine-der-usa-und-russlands-vlnr---19d960742e2e0229.jpg,2025-12-21T23:02:40Z,,"Kopiere den aktuellen Link
Zur Merkliste hinzufügen
Die USA und die Ukraine haben ihre Gespräche in Miami über ein Ende des russischen Angriffskriegs in der Ukraine als ""produktiv und konstruktiv"" … [+3826 chars]",,de,'Ukraine'
https://www.zeit.de/politik/ausland/2025-12/miami-ukraine-russland-usa-verhandlungen,https://www.zeit.de/politik/ausland/2025-12/miami-ukraine-russland-usa-verhandlungen,0,www.zeit.de,"Miami: Ukraine und USA sprechen von ""produktiven und konstruktiven"" Treffen","Die Unterhändler der Ukraine und der USA äußern sich positiv über die Verhandlungen in Miami. Russland ging es nach Regierungsangaben darum, ""Informationen zu erhalten"".",https://img.zeit.de/politik/ausland/2025-12/miami-ukraine-russland-usa-verhandlungen-bild/wide__1300x731,2025-12-21T23:13:46Z,http://web.archive.org/web/20251222112213/https://www.zeit.de/politik/ausland/2025-12/miami-ukraine-russland-usa-verhandlungen,"Die Gespräche in den USA über ein Ende des 
russischen Angriffskriegs in der Ukraine sind nach Angaben der Regierungen in Kyjiw und 
Washington ""produktiv und konstruktiv"" verlaufen. Eine entsprech… [+4150 chars]",,de,'Russland'
https://www.nzz.ch/der-andere-blick/merz-kanzlerschaft-entscheidet-sich-nicht-an-der-kommunikation-ld.1917613,https://www.nzz.ch/der-andere-blick/merz-kanzlerschaft-entscheidet-sich-nicht-an-der-kommunikation-ld.1917613,0,www.nzz.ch,DER ANDERE BLICK - Merz’ Kanzlerschaft entscheidet sich nicht an der Kommunikation,Friedrich Merz will als aussenpolitischer Kanzler in die Geschichte eingehen. Doch ohne innenpolitische Bodenhaftung und Durchsetzungskraft in Brüssel droht der Preis hoch zu werden.,"https://img.nzz.ch/2025/12/21/a235c7d8-98bd-4dae-b93e-c5b59aef3cc3.jpg?width=1200&height=675&fit=bounds&quality=75&auto=webp&crop=8192,4608,x0,y428&wmark=nzz",2025-12-22T04:30:00Z,,"Friedrich Merz will als aussenpolitischer Kanzler in die Geschichte eingehen. Doch ohne innenpolitische Bodenhaftung und Durchsetzungskraft in Brüssel droht der Preis hoch zu werden.
22.12.2025, 05.… [+4998 chars]",,de,'Brüssel'
https://www.nzz.ch/feuilleton/aladin-el-mafaalani-zum-vertrauensverlust-in-der-gesellschaft-der-staat-zieht-immer-mehr-an-sich-und-enttaeuscht-dann-zunehmend-ld.1916672,https://www.nzz.ch/feuilleton/aladin-el-mafaalani-zum-vertrauensverlust-in-der-gesellschaft-der-staat-zieht-immer-mehr-an-sich-und-enttaeuscht-dann-zunehmend-ld.1916672,0,www.nzz.ch,INTERVIEW - Aladin El-Mafaalani zum Vertrauensverlust in der Gesellschaft: «Der Staat zieht immer mehr an sich – und enttäuscht dann zunehmend»,"Der Soziologe sieht im zunehmenden Misstrauen eine Gefahr für die Demokratie. Im Gespräch sagt er, was zu tun sei und weshalb er das Schweizer Modell der direkten Demokratie nicht als Lösung für Deutschland sieht.","https://img.nzz.ch/2025/12/16/88660824-01e5-4b97-bce8-791e6f2668c7.jpg?width=1200&height=675&fit=bounds&quality=75&auto=webp&crop=4000,2250,x0,y355&wmark=nzz",2025-12-22T04:30:00Z,,"Der Soziologe sieht im wachsenden Misstrauen eine Gefahr für die Demokratie. Im Gespräch sagt er, was zu tun sei und weshalb er das Schweizer Modell der direkten Demokratie nicht als Lösung für Deuts… [+11285 chars]",,de,'Deutschland'
