week,sentiment_mean,sentiment_std,subjectivity_mean,subjectivity_std,counting
2025-41,0.02048586516699419,1.177102370569631,-0.014863213188653792,1.1566990579887888,26.0
2025-42,-0.03919176393252665,0.9237496596150264,0.10542606448255426,1.050374384560183,89.0
2025-43,-0.0017882667504870076,1.00185867079025,0.05924758701637281,1.0974373953747076,88.0
2025-44,-0.12127747857457562,0.8483217789787432,-0.2236752719968352,0.6206777026767557,95.0
2025-45,0.08810131034066858,1.0775915237448987,0.04354114815624855,0.8937879549551148,87.0
2025-46,0.11470562680909042,0.851557337385348,0.07373219083680434,1.0893590660334769,56.0
