week,sentiment_mean,sentiment_std,subjectivity_mean,subjectivity_std,counting
2025-41,-0.03733947437854083,1.1758745252047922,0.12350029644913119,1.5353583029011773,26.0
2025-42,-0.11333011240614374,0.9440279126296296,0.0625978285483965,1.0308843757135067,103.0
2025-43,0.03798923729961853,1.048672338779162,-0.04834150087482398,0.9392040629456705,146.0
2025-44,-0.07629821500754193,0.8486678659825277,-0.09916250539837815,0.7786017976850189,128.0
2025-45,0.014833774230149676,1.020640966239693,0.05932718215326706,0.9842611650981334,152.0
2025-46,0.16279324726851246,0.9425888105054558,-0.03723069216172924,0.9890567966798273,130.0
2025-47,-0.08482663814608381,0.9385464043026973,0.11586663044140628,1.021937494511589,57.0
